Street Address,City,State Abbreviation,Zip Code,Detail Url
120 19th Street North,Birmingham,AL,35203,https://www.anytimemailbox.com/s/birmingham-120-19th-street-north
7841 1st Ave N,Birmingham,AL,35206,https://www.anytimemailbox.com/s/birmingham-7841-1st-ave-north
1430 Gadsden Highway,Birmingham,AL,35235,https://www.anytimemailbox.com/s/birmingham-1430-gadsden-highway
2540 Fortner St,Dothan,AL,36305,https://www.anytimemailbox.com/s/dothan-2540-fortner-street
1110 Boll Weevil Cir,Enterprise,AL,36330,https://www.anytimemailbox.com/s/enterprise-1110-boll-weevil-circle
805 Wellman Ave NE,Huntsville,AL,35801,https://www.anytimemailbox.com/s/huntsville-805-wellman-avenue-ne
7169 Hwy 72 W,Madison,AL,35758,https://www.anytimemailbox.com/s/madison-7169-hwy-72-w
750 Downtowner Loop West,Mobile,AL,36609,https://www.anytimemailbox.com/s/mobile-750-downtowner-loop-west
4758 Woodmere Blvd,Montgomery,AL,36106,https://www.anytimemailbox.com/s/montgomery-4758-woodmere-blvd
7272 Theodore Dawes Rd,Theodore,AL,36582,https://www.anytimemailbox.com/s/theodore-7272-theodore-dawes-road
8872 Gadsden Hwy,Trussville,AL,35173,https://www.anytimemailbox.com/s/trussville-8872-gadsden-hwy
1655 Mcfarland Blvd N,Tuscaloosa,AL,35406,https://www.anytimemailbox.com/s/tuscaloosa-1655-mcfarland-blvd-n
