Street Address,City,State Abbreviation,Zip Code,Detail Url
11328 Bartlett Ave,Adelanto,CA,92301,https://www.anytimemailbox.com/s/adelanto-11328-bartlett-avenue
2532 Santa Clara Ave,Alameda,CA,94501,https://www.anytimemailbox.com/s/alameda-2532-santa-clara-avenue
2710 Alpine Blvd,Alpine,CA,91901,https://www.anytimemailbox.com/s/alpine-2710-alpine-blvd
461 W Woodbury Road,Altadena,CA,91001,https://www.anytimemailbox.com/s/altadena-161-w-altadena-drive
1720 W Ball Rd,Anaheim,CA,92804,https://www.anytimemailbox.com/s/anaheim-1720-w-ball-road
421 S Brookhurst St,Anaheim,CA,92804,https://www.anytimemailbox.com/s/anaheim-421-s-brookhurst-street
201 E Center St,Anaheim,CA,92805,https://www.anytimemailbox.com/s/anaheim-201-e-center-street
1913 E La Palma Ave,Anaheim,CA,92805,https://www.anytimemailbox.com/s/anaheim-1913-e-la-palma-ave
532 N. Magnolia Ave,Anaheim,CA,92801,https://www.anytimemailbox.com/s/anaheim-532-n-magnolia-avenue
2054 S. Euclid St,Anaheim,CA,92802,https://www.anytimemailbox.com/s/anaheim-2054-s-euclid-street
211 S State College Blvd,Anaheim,CA,92806,https://www.anytimemailbox.com/s/anaheim-211-s-state-college-blvd
1081 N Tustin Ave,Anaheim,CA,92807,https://www.anytimemailbox.com/s/anaheim-1081-n-tustin-ave
3377 Deer Valley Rd,Antioch,CA,94531,https://www.anytimemailbox.com/s/antioch-3377-deer-valley-road
4464 Lone Tree Way,Antioch,CA,94531,https://www.anytimemailbox.com/s/antioch-4464-lone-tree-way
145 E Duarte Rd,Arcadia,CA,91006,https://www.anytimemailbox.com/s/arcadia-145-e-duarte-road
411 E Huntington Dr,Arcadia,CA,91006,https://www.anytimemailbox.com/s/arcadia-411-e-huntington-drive
116 E Live Oak Ave,Arcadia,CA,91006,https://www.anytimemailbox.com/s/arcadia-116-e-live-oak-avenue
1171 E Alosta Ave,Azusa,CA,91702,https://www.anytimemailbox.com/s/azusa-1171-e-alosta-ave
1515 20th St,Bakersfield,CA,93301,https://www.anytimemailbox.com/s/bakersfield-1515-20th-st
6077 Coffee Rd,Bakersfield,CA,93308,https://www.anytimemailbox.com/s/bakersfield-6077-coffee-road
1220 Oak St,Bakersfield,CA,93304,https://www.anytimemailbox.com/s/bakersfield-1220-oak-street
13061 Rosedale Hwy,Bakersfield,CA,93314,https://www.anytimemailbox.com/s/bakersfield-13061-rosedale-hwy
3424 Stine Rd,Bakersfield,CA,93309,https://www.anytimemailbox.com/s/bakersfield-3424-stine-road
651 N Sepulveda Blvd,Bel Air,CA,90049,https://www.anytimemailbox.com/s/bel-air-651-n-sepulveda-blvd
2930 Domingo Ave,Berkeley,CA,94705,https://www.anytimemailbox.com/s/berkeley-2930-domingo-avenue
2991 Sacramento St,Berkeley,CA,94702,https://www.anytimemailbox.com/s/berkeley-2991-sacramento-street
9461 Charleville Blvd,Beverly Hills,CA,90212,https://www.anytimemailbox.com/s/beverly-hills-9461-charleville-blvd
132 S Lasky Dr. Floor 2,Beverly Hills,CA,90212,https://www.anytimemailbox.com/s/beverly-hills-132-s-lasky-drive
9903 South Santa Monica Blvd,Beverly Hills,CA,90212,https://www.anytimemailbox.com/s/beverly-hills-9903-south-santa-monica-blvd
8549 Wilshire Blvd,Beverly Hills,CA,90211,https://www.anytimemailbox.com/s/beverly-hills-8549-wilshire-blvd
9100 Wilshire Blvd,Beverly Hills,CA,90212,https://www.anytimemailbox.com/s/beverly-hills-9100-wilshire-blvd
4364 Bonita Rd,Bonita,CA,91902,https://www.anytimemailbox.com/s/bonita-4364-bonita-road
3130 Balfour Rd,Brentwood,CA,94513,https://www.anytimemailbox.com/s/brentwood-3130-balfour-road
85 W Hwy 246,Buellton,CA,93427,https://www.anytimemailbox.com/s/buellton-85-w-hwy-246
1812 W Burbank Blvd,Burbank,CA,91506,https://www.anytimemailbox.com/s/burbank-1812-w-burbank-blvd
145 S Glenoaks Blvd,Burbank,CA,91502,https://www.anytimemailbox.com/s/burbank-145-s-glenoaks-blvd
3727 W. Magnolia Blvd,Burbank,CA,91505,https://www.anytimemailbox.com/s/burbank-3727-w-magnolia-blvd
26787 Agoura Rd,Calabasas,CA,91302,https://www.anytimemailbox.com/s/calabasas-26787-agoura-road
330 N Lantana St,Camarillo,CA,93010,https://www.anytimemailbox.com/s/camarillo-330-n-lantana-street
2100 S Bascom Ave,Campbell,CA,95008,https://www.anytimemailbox.com/s/campbell-2100-s-bascom-avenue
2033 San Elijo Ave,Cardiff,CA,92007,https://www.anytimemailbox.com/s/cardiff-2033-san-elijo-avenue
2011 Palomar Airport Road,Carlsbad,CA,92011,https://www.anytimemailbox.com/s/carlsbad-2011-palomar-airport-road
31583 Castaic Rd,Castaic,CA,91384,https://www.anytimemailbox.com/s/castaic-31583-castaic-road
27765 Landau Blvd,Cathedral City,CA,92234,https://www.anytimemailbox.com/s/cathedral-city-27765-landau-blvd
68718 E Palm Canyon Dr,Cathedral City,CA,92234,https://www.anytimemailbox.com/s/cathedral-city-68718-e-palm-canyon-drive
12403 Central Ave,Chino,CA,91710,https://www.anytimemailbox.com/s/chino-12403-central-avenue
12564 Central Ave,Chino,CA,91710-3573,https://www.anytimemailbox.com/s/chino-12564-central-avenue
4195 Chino Hills Pkwy,Chino Hills,CA,91709,https://www.anytimemailbox.com/s/chino-hills-4195-chino-hills-parkway
500 Robertson Blvd,Chowchilla,CA,93610,https://www.anytimemailbox.com/s/chowchilla-500-robertson-blvd
1741 Eastlake Parkway,Chula Vista,CA,91915,https://www.anytimemailbox.com/s/chula-vista-1741-eastlake-parkway
750 Otay Lakes Road,Chula Vista,CA,91910,https://www.anytimemailbox.com/s/chula-vista-750-otay-lakes-road
247 Third Ave,Chula Vista,CA,91910,https://www.anytimemailbox.com/s/chula-vista-247-third-ave
7451 Auburn Blvd,Citrus Heights,CA,95610,https://www.anytimemailbox.com/s/citrus-heights-7451-auburn-blvd
915 W Foothill Blvd,Claremont,CA,91711,https://www.anytimemailbox.com/s/claremont-915-w-foothill-blvd
112 Harvard Ave,Claremont,CA,91711,https://www.anytimemailbox.com/s/claremont-112-harvard-avenue
2167 Shaw Ave,Clovis,CA,93611,https://www.anytimemailbox.com/s/clovis-2167-shaw-avenue
1077 N Willow Ave,Clovis,CA,93611,https://www.anytimemailbox.com/s/clovis-1077-n-willow-avenue
1187 N Willow Ave,Clovis,CA,93611,https://www.anytimemailbox.com/s/clovis-1187-n-willow-avenue
785 Oak Grove Rd,Concord,CA,94518,https://www.anytimemailbox.com/s/concord-785-oak-grove-road
1973 Foothill Pkwy,Corona,CA,92881,https://www.anytimemailbox.com/s/corona-1973-foothill-pkwy
2621 Green River Rd,Corona,CA,92882,https://www.anytimemailbox.com/s/corona-2621-green-river-road
941 Orange Ave,Coronado,CA,92118,https://www.anytimemailbox.com/s/coronado-941-orange-avenue
427 East 17th Street,Costa Mesa,CA,92627,https://www.anytimemailbox.com/s/costa-mesa-427-east-17th-street
964 E. Badillo Street,Covina,CA,91724,https://www.anytimemailbox.com/s/covina-964-e-badillo-street
200 E Rowland St,Covina,CA,91723,https://www.anytimemailbox.com/s/covina-212-e-rowland-street
5071 Ball Rd,Cypress,CA,90630,https://www.anytimemailbox.com/s/cypress-5071-ball-road
100 Los Olivos Ave,Daly City,CA,94014,https://www.anytimemailbox.com/s/daly-city-100-los-olivos-ave
32565 Golden Lantern St,Dana Point,CA,92629,https://www.anytimemailbox.com/s/dana-point-32565-golden-lantern-street
3494 Camino Tassajara,Danville,CA,94506,https://www.anytimemailbox.com/s/danville-3494-camino-tassajara
1520 E Covell Blvd,Davis,CA,95616,https://www.anytimemailbox.com/s/davis-1520-e-covell-blvd
417 Mace Blvd,Davis,CA,95618,https://www.anytimemailbox.com/s/davis-417-mace-blvd
324 S Diamond Bar Blvd,Diamond Bar,CA,91765,https://www.anytimemailbox.com/s/diamond-bar-324-s-diamond-bar-blvd
4101 Dublin Blvd,Dublin,CA,94568,https://www.anytimemailbox.com/s/dublin-4101-dublin-blvd
2514 Jamacha Rd,El Cajon,CA,92019,https://www.anytimemailbox.com/s/el-cajon-2514-jamacha-road
11007 Lower Azusa Rd,El Monte,CA,91731,https://www.anytimemailbox.com/s/el-monte-11007-lower-azusa-road
8465 Elk Grove Florin Rd,Elk Grove,CA,95624,https://www.anytimemailbox.com/s/elk-grove-8465-elk-grove-florin-road
5650 Whitelock Parkway,Elk Grove,CA,95757,https://www.anytimemailbox.com/s/elk-grove-5650-whitelock-parkway
4924 Balboa Blvd,Encino,CA,91316,https://www.anytimemailbox.com/s/encino-4924-balboa-blvd
16060 Ventura Blvd,Encino,CA,91436,https://www.anytimemailbox.com/s/encino-16060-ventura-blvd
18034 Ventura Blvd,Encino,CA,91316,https://www.anytimemailbox.com/s/encino-18034-ventura-blvd
1835 S Centre City Pkwy,Escondido,CA,92025,https://www.anytimemailbox.com/s/escondido-1835-s-centre-city-pkwy
243 S Escondido Blvd,Escondido,CA,92025,https://www.anytimemailbox.com/s/escondido-243-s-escondido-blvd
1637 E Valley Parkway,Escondido,CA,92027,https://www.anytimemailbox.com/s/escondido-1637-e-valley-parkway
970 W Valley Pkwy,Escondido,CA,92025,https://www.anytimemailbox.com/s/escondido-970-w-valley-parkway
5430 Dewey Dr,Fair Oaks,CA,95628,https://www.anytimemailbox.com/s/fair-oaks-5430-dewey-drive
8506 Madison Ave,Fair Oaks,CA,95628,https://www.anytimemailbox.com/s/fair-oaks-8506-madison-avenue
4160 Suisun Valley Rd,Fairfield,CA,94534,https://www.anytimemailbox.com/s/fairfield-4160-suisun-valley-road
9580 Oak Ave Pkwy,Folsom,CA,95630,https://www.anytimemailbox.com/s/folsom-9580-oak-ave-pkwy
1750 Prairie City Rd,Folsom,CA,95630,https://www.anytimemailbox.com/s/folsom-1750-prairie-city-road
14050 Cherry Ave,Fontana,CA,92337,https://www.anytimemailbox.com/s/fontana-14050-cherry-avenue
16049 Baseline Ave,Fontana,CA,92336,https://www.anytimemailbox.com/s/fontana-16049-baseline-avenue
16027 Brookhurst St,Fountain Valley,CA,92708,https://www.anytimemailbox.com/s/fountain-valley-16027-brookhurst-street
11037 Warner Ave,Fountain Valley,CA,92708,https://www.anytimemailbox.com/s/fountain-valley-11037-warner-ave
34159 Fremont Blvd,Fremont,CA,94555,https://www.anytimemailbox.com/s/fremont-34159-fremont-blvd
46539 Mission Blvd,Fremont,CA,94539,https://www.anytimemailbox.com/s/fremont-46539-mission-blvd
3654 Thornton Ave,Fremont,CA,94536,https://www.anytimemailbox.com/s/fremont-3654-thornton-avenue
8839 N Cedar Ave B-4,Fresno,CA,93720,https://www.anytimemailbox.com/s/fresno-8839-n-cedar-ave-b-4
6083 N Figarden Dr,Fresno,CA,93722,https://www.anytimemailbox.com/s/fresno-6083-n-figarden-drive
5730 N First St,Fresno,CA,93710,https://www.anytimemailbox.com/s/fresno-5730-n-first-st
5556 E Kings Canyon Rd,Fresno,CA,93727,https://www.anytimemailbox.com/s/fresno-5556-e-kings-canyon-road
132 W Nees Ave,Fresno,CA,93711,https://www.anytimemailbox.com/s/fresno-132-w-nees-avenue
3025 W Shaw Ave,Fresno,CA,93711,https://www.anytimemailbox.com/s/fresno-3025-w-shaw-avenue
8833 Monterey Hwy,Gilroy,CA,95020,https://www.anytimemailbox.com/s/gilroy-8833-monterey-hwy
138 N Brand Blvd,Glendale,CA,91203,https://www.anytimemailbox.com/s/glendale-138-n-brand-blvd
1125 E Broadway,Glendale,CA,91205,https://www.anytimemailbox.com/s/glendale-1125-e-broadway
3746 Foothill Blvd,Glendale,CA,91214,https://www.anytimemailbox.com/s/glendale-3747-foothill-blvd
425 E Arrow Hwy,Glendora,CA,91740,https://www.anytimemailbox.com/s/glendora-425-e-arrow-hwy
4120 Douglas Blvd,Granite Bay,CA,95746-5936,https://www.anytimemailbox.com/s/granite-bay-4120-douglas-blvd
1724 Palos Verdes Dr N,Harbor City,CA,90710,https://www.anytimemailbox.com/s/harbor-city-1724-palos-verdes-drive-north
970 Sepulveda Blvd,Harbor City,CA,90710,https://www.anytimemailbox.com/s/harbor-city-970-sepulveda-blvd
249 W Jackson St,Hayward,CA,94544,https://www.anytimemailbox.com/s/hayward-249-w-jackson-st
445 Center St,Healdsburg,CA,95448,https://www.anytimemailbox.com/s/healdsburg-445-center-street
351 San Felipe Rd,Hollister,CA,95023,https://www.anytimemailbox.com/s/hollister-351-san-felipe-road
5267 Warner Ave,Huntington Beach,CA,92649,https://www.anytimemailbox.com/s/huntington-beach-5267-warner-ave
9121 Atlanta Ave,Huntington Beach,CA,92646,https://www.anytimemailbox.com/s/huntington-beach-9121-atlanta-avenue
18047 Beach Blvd,Huntington Beach,CA,92648,https://www.anytimemailbox.com/s/huntington-beach-18047-beach-blvd
19744 Beach Blvd,Huntington Beach,CA,92648,https://www.anytimemailbox.com/s/huntington-beach-19744-beach-blvd
5904 Warner Ave,Huntington Beach,CA,92649,https://www.anytimemailbox.com/s/huntington-beach-5904-warner-avenue
2571 Saturn Ave,Huntington Park,CA,90255,https://www.anytimemailbox.com/s/huntington-park-2571-saturn-avenue
49950 Jefferson St,Indio,CA,92201,https://www.anytimemailbox.com/s/indio-49950-jefferson-street
309 E Hillcrest Blvd,Inglewood,CA,90301,https://www.anytimemailbox.com/s/inglewood-309-e-hillcrest-blvd
1601 Centinela Ave,Inglewood,CA,90302,https://www.anytimemailbox.com/s/inglewood-1601-centinela-avenue
1121 S La Brea Ave,Inglewood,CA,90301,https://www.anytimemailbox.com/s/inglewood-1121-s-la-brea-avenue
113 E Manchester Blvd,Inglewood,CA,90301,https://www.anytimemailbox.com/s/inglewood-113-e-manchester-blvd
92 Corporate Park,Irvine,CA,92606,https://www.anytimemailbox.com/s/irvine-92-corporate-park
15333 Culver Dr,Irvine,CA,92604,https://www.anytimemailbox.com/s/irvine-15333-culver-drive
17595 Harvard Ave,Irvine,CA,92614,https://www.anytimemailbox.com/s/irvine-17595-harvard-avenue
3943 Irvine Blvd,Irvine,CA,92602,https://www.anytimemailbox.com/s/irvine-3943-irvine-boulevard
15415 Jeffrey Rd,Irvine,CA,92618,https://www.anytimemailbox.com/s/irvine-15415-jeffrey-road
6789 Quail Hill Pkwy,Irvine,CA,92603,https://www.anytimemailbox.com/s/irvine-6789-quail-hill-parkway
5319 University Dr,Irvine,CA,92612,https://www.anytimemailbox.com/s/irvine-5319-university-drive
9036 Mission Blvd,Jurupa Valley,CA,92509,https://www.anytimemailbox.com/s/jurupa-valley-9036-mission-blvd
11113 Kernville Rd,Kernville,CA,93238,https://www.anytimemailbox.com/s/kernville-11113-kernville-road
7514 Girard Ave,La Jolla,CA,92037,https://www.anytimemailbox.com/s/la-jolla-7514-girard-ave
8030 La Mesa Blvd,La Mesa,CA,91942,https://www.anytimemailbox.com/s/la-mesa-8030-la-mesa-blvd
8697 La Mesa Blvd,La Mesa,CA,91942,https://www.anytimemailbox.com/s/la-mesa-8697-la-mesa-blvd
50991 Washington St,La Quinta,CA,92253,https://www.anytimemailbox.com/s/la-quinta-50991-washington-street
1502 Foothill Blvd,La Verne,CA,91750,https://www.anytimemailbox.com/s/la-verne-1502-foothill-blvd
3515 Mt. Diablo Blvd,Lafayette,CA,94549,https://www.anytimemailbox.com/s/lafayette-3515-mount-diablo-blvd
303 Broadway St,Laguna Beach,CA,92651,https://www.anytimemailbox.com/s/laguna-beach-303-broadway-street
1278 Glenneyre,Laguna Beach,CA,92651,https://www.anytimemailbox.com/s/laguna-beach-1278-glenneyre
30025 Alicia Pkwy,Laguna Niguel,CA,92677,https://www.anytimemailbox.com/s/laguna-niguel-30025-alicia-pkwy
24338 El Toro Road,Laguna Woods,CA,92637,https://www.anytimemailbox.com/s/laguna-woods-24338-el-toro-road
32295 Mission Trail,Lake Elsinore,CA,92530,https://www.anytimemailbox.com/s/lake-elsinore-32295-mission-trail
22365 El Toro Rd,Lake Forest,CA,92630,https://www.anytimemailbox.com/s/lake-forest-22365-el-toro-road
4711 W Artesia Blvd,Lawndale,CA,90260,https://www.anytimemailbox.com/s/lawndale-4711-w-artesia-blvd
1030 S Hutchins St,Lodi,CA,95240,https://www.anytimemailbox.com/s/lodi-1030-s-hutchins-street
1040 W Kettleman Lane,Lodi,CA,95240,https://www.anytimemailbox.com/s/lodi-1040-west-kettleman-lane
5318 E 2nd St,Long Beach,CA,90803,https://www.anytimemailbox.com/s/long-beach-5318-e-2nd-street
2892 N Bellflower Blvd,Long Beach,CA,90815,https://www.anytimemailbox.com/s/long-beach-2892-n-bellflower-blvd
3711 Long Beach Blvd,Long Beach,CA,90807,https://www.anytimemailbox.com/s/long-beach-3711-long-beach-blvd
375 Redondo Avenue,Long Beach,CA,90814,https://www.anytimemailbox.com/s/long-beach-375-redondo-avenue
11278 Los Alamitos Blvd.,Los Alamitos,CA,90720,https://www.anytimemailbox.com/s/los-alamitos-11278-los-alamitos-blvd
4546 El Camino Real B10,Los Altos,CA,94022,https://www.anytimemailbox.com/s/los-altos-4546-el-camino-real
2310 Homestead Rd,Los Altos,CA,94024,https://www.anytimemailbox.com/s/los-altos-2310-homestead-road
5850 W 3rd St,Los Angeles,CA,90036,https://www.anytimemailbox.com/s/los-angeles-5850-w-3rd-street
2699 1/2 N Beachwood Dr,Los Angeles,CA,90068,https://www.anytimemailbox.com/s/los-angeles-2699-n-beachwood-drive
5777 W. Century Blvd.,Los Angeles,CA,90045,https://www.anytimemailbox.com/s/los-angeles-5777-w-century-blvd
1480 Colorado Blvd,Los Angeles,CA,90041,https://www.anytimemailbox.com/s/los-angeles-1480-colorado-blvd
1920 Hillhurst Avenue,Los Angeles,CA,90027,https://www.anytimemailbox.com/s/los-angeles-1920-hillhurst-avenue
7095 Hollywood Blvd,Hollywood,CA,90028,https://www.anytimemailbox.com/s/hollywood-7095-hollywood-blvd
6709 La Tijera Blvd,Los Angeles,CA,90045,https://www.anytimemailbox.com/s/los-angeles-6709-la-tijera-blvd
11209 National Blvd,Los Angeles,CA,90064,https://www.anytimemailbox.com/s/los-angeles-11209-national-blvd
11150 W Olympic Blvd,Los Angeles,CA,90064,https://www.anytimemailbox.com/s/los-angeles-11150-w-olympic-blvd
3003 W Olympic Blvd,Los Angeles,CA,90006,https://www.anytimemailbox.com/s/los-angeles-3003-106-w-olympic-blvd
3003 W Olympic Blvd,Los Angeles,CA,90006,https://www.anytimemailbox.com/s/los-angeles-3003-205-w-olympic-blvd
3705 W Pico Blvd,Los Angeles,CA,90019-3451,https://www.anytimemailbox.com/s/los-angeles-3705-w-pico-blvd
1138 E Rosecrans Ave,Los Angeles,CA,90059,https://www.anytimemailbox.com/s/los-angeles-1138-e-rosecrans-avenue
2829 N San Fernando Rd,Los Angeles,CA,90065,https://www.anytimemailbox.com/s/los-angeles-2829-n-san-fernando-rd
11693 San Vicente Blvd,Los Angeles,CA,90049,https://www.anytimemailbox.com/s/los-angeles-11693-san-vicente-blvd
7190 W Sunset Blvd,Los Angeles,CA,90046,https://www.anytimemailbox.com/s/los-angeles-7190-w-sunset-blvd
8033 W Sunset Blvd,Los Angeles,CA,90046,https://www.anytimemailbox.com/s/los-angeles-8033-sunset-blvd
5630 Venice Blvd,Los Angeles,CA,90019,https://www.anytimemailbox.com/s/los-angeles-5630-venice-blvd
4900 S Vermont Ave,Los Angeles,CA,90037,https://www.anytimemailbox.com/s/los-angeles-4900-s-vermont-ave
338 S Western Ave,Los Angeles,CA,90020,https://www.anytimemailbox.com/s/los-angeles-338-s-western-ave
1575 Westwood Blvd,Los Angeles,CA,90024,https://www.anytimemailbox.com/s/los-angeles-1575-westwood-blvd
2355 Westwood Blvd,Los Angeles,CA,90064,https://www.anytimemailbox.com/s/los-angeles-2355-westwood-blvd
1001 Wilshire Boulevard,Los Angeles,CA,90017,https://www.anytimemailbox.com/s/los-angeles-1001-wilshire-boulevard
3680 Wilshire Blvd,Los Angeles,CA,90010,https://www.anytimemailbox.com/s/los-angeles-3680-wilshire-blvd
611 Wilshire Blvd,Los Angeles,CA,90017,https://www.anytimemailbox.com/s/los-angeles-611-wilshire-blvd
835 Wilshire Blvd,Los Angeles,CA,90017,https://www.anytimemailbox.com/s/los-angeles-835-wilshire-boulevard
30745 Pacific Coast Hwy,Malibu,CA,90265,https://www.anytimemailbox.com/s/malibu-30745-pacific-coast-hwy
1590 Rosecrans Ave,Manhattan Beach,CA,90266,https://www.anytimemailbox.com/s/manhattan-beach-1590-rosecrans-avenue
13157 Mindanao Way,Marina del Rey,CA,90292,https://www.anytimemailbox.com/s/marina-del-rey-13157-mindanao-way
578 Washington Blvd,Marina del Rey,CA,90292,https://www.anytimemailbox.com/s/marina-del-rey-578-washington-blvd
30141 Antelope Road,Menifee,CA,92584,https://www.anytimemailbox.com/s/menifee-30141-antelope-road
28005 Bradley Rd,Menifee,CA,92586,https://www.anytimemailbox.com/s/menifee-28005-bradley-road
1259 El Camino Real,Menlo Park,CA,94025,https://www.anytimemailbox.com/s/menlo-park-1259-el-camino-real
35 Miller Ave,Mill Valley,CA,94941,https://www.anytimemailbox.com/s/mill-valley-35-miller-avenue
1765 Landess Ave,Milpitas,CA,95035,https://www.anytimemailbox.com/s/milpitas-1765-landess-avenue
1090 S Milpitas Blvd,Milpitas,CA,95035,https://www.anytimemailbox.com/s/milpitas-1090-s-milpitas-blvd
11100 Sepulveda Blvd,Mission Hills,CA,91345,https://www.anytimemailbox.com/s/mission-hills-11100-sepulveda-blvd
27758 Santa Margarita Pkwy,Mission Viejo,CA,92691,https://www.anytimemailbox.com/s/mission-viejo-27758-santa-margarita-pkwy
931 10th Street,Modesto,CA,95354,https://www.anytimemailbox.com/s/modesto-931-10th-street
4120 Dale Rd,Modesto,CA,95356,https://www.anytimemailbox.com/s/modesto-4120-dale-road
2601 Oakdale Rd,Modesto,CA,95355,https://www.anytimemailbox.com/s/modesto-2601-oakdale-road
10292 Central Ave,Montclair,CA,91763,https://www.anytimemailbox.com/s/montclair-10292-central-avenue
2155 Verdugo Blvd,Montrose,CA,91020,https://www.anytimemailbox.com/s/montrose-2155-verdugo-blvd
11875 Pigeon Pass Rd,Moreno Valley,CA,92557,https://www.anytimemailbox.com/s/moreno-valley-11875-pigeon-pass-road
14910 Perris Blvd,Moreno Valley,CA,92553,https://www.anytimemailbox.com/s/moreno-valley-14910-perris-blvd
222 Cochrane Plza,Morgan Hill,CA,95037,https://www.anytimemailbox.com/s/morgan-hill-222-cochrane-plaza
1057 Cochrane Rd Ste 160,Morgan Hill,CA,95037,https://www.anytimemailbox.com/s/morgan-hill-1057-cochrane-road
409 Tennant Station,Morgan Hill,CA,95037,https://www.anytimemailbox.com/s/morgan-hill-409-tennant-station
1049 El Monte Avenue,Mountain View,CA,94040,https://www.anytimemailbox.com/s/mountain-view-1049-el-monte-avenue
40960 California Oaks Rd,Murrieta,CA,92562,https://www.anytimemailbox.com/s/murrieta-40960-california-oaks-road
39525 Los Alamos Rd,Murrieta,CA,92563,https://www.anytimemailbox.com/s/murrieta-39525-los-alamos-road
40477 Murrieta Hot Springs Rd,Murrieta,CA,92563,https://www.anytimemailbox.com/s/murrieta-40485-murrieta-hot-springs-rd
35111F Newark Blvd,Newark,CA,94560,https://www.anytimemailbox.com/s/newark-35111f-newark-blvd
2639 Lavery Ct,Newbury Park,CA,91320,https://www.anytimemailbox.com/s/newbury-park-2639-lavery-court
23638 Newhall Ave,Newhall,CA,91321,https://www.anytimemailbox.com/s/newhall-23638-newhall-avenue
301 Bayview Cir,Newport Beach,CA,92660,https://www.anytimemailbox.com/s/newport-beach-301-bayview-circle
3857 Birch Street,Newport Beach,CA,92660,https://www.anytimemailbox.com/s/newport-beach-3857-birch-street
4821 Lankershim Blvd,North Hollywood,CA,91601,https://www.anytimemailbox.com/s/north-hollywood-4821-lankershim-blvd
11642 Victory Blvd,North Hollywood,CA,91606,https://www.anytimemailbox.com/s/north-hollywood-11642-victory-blvd
18543 Devonshire St,Northridge,CA,91324,https://www.anytimemailbox.com/s/northridge-18543-devonshire-street
9250 Reseda Blvd,Northridge,CA,91324,https://www.anytimemailbox.com/s/northridge-9250-reseda-blvd
14337 Pioneer Blvd,Norwalk,CA,90650,https://www.anytimemailbox.com/s/norwalk-14337-pioneer-blvd
926 Diablo Ave,Novato,CA,94947,https://www.anytimemailbox.com/s/novato-926-diablo-avenue
40761 Highway 41,Oakhurst,CA,93644,https://www.anytimemailbox.com/s/oakhurst-40761-highway-41
490 43rd Street,Oakland,CA,94609,https://www.anytimemailbox.com/s/oakland-490-43rd-street
4140 Oceanside Blvd,Oceanside,CA,92056,https://www.anytimemailbox.com/s/oceanside-4140-oceanside-blvd
1101 S Milliken Ave,Ontario,CA,91761,https://www.anytimemailbox.com/s/ontario-1101-s-milliken-avenue
655 S Main St,Orange,CA,92868,https://www.anytimemailbox.com/s/orange-655-s-main-street
1000 Town Center Dr,Oxnard,CA,93036,https://www.anytimemailbox.com/s/oxnard-1000-town-center-drive
74924 Country Club Dr,Palm Desert,CA,92260,https://www.anytimemailbox.com/s/palm-desert-74924-country-club-drive
78206 Varner Rd,Palm Desert,CA,92211,https://www.anytimemailbox.com/s/palm-desert-78206-varner-road
1775 E Palm Canyon Dr,Palm Springs,CA,92264,https://www.anytimemailbox.com/s/palm-springs-1775-e-palm-canyon-drive
37951 47th St E,Palmdale,CA,93552,https://www.anytimemailbox.com/s/palmdale-37951-47th-street-east
550 W Rancho Vista Blvd,Palmdale,CA,93551,https://www.anytimemailbox.com/s/palmdale-550-w-rancho-vista-blvd
3790 El Camino Real,Palo Alto,CA,94306,https://www.anytimemailbox.com/s/palo-alto-3790-el-camino-real
115 W California Blvd,Pasadena,CA,91105,https://www.anytimemailbox.com/s/pasadena-115-w-california-blvd
1308 E Colorado Blvd,Pasadena,CA,91106,https://www.anytimemailbox.com/s/pasadena-1308-e-colorado-blvd
3767 E Colorado Blvd,Pasadena,CA,91107,https://www.anytimemailbox.com/s/pasadena-3767-e-colorado-blvd
11354 Pleasant Valley Rd,Penn Valley,CA,95946,https://www.anytimemailbox.com/s/penn-valley-11354-pleasant-valley
75 W Nuevo Rd,Perris,CA,92571,https://www.anytimemailbox.com/s/perris-75-w-nuevo-road
322 Culver Blvd,Playa del Rey,CA,90293,https://www.anytimemailbox.com/s/playa-del-rey-322-culver-blvd
8117 W Manchester Ave,Playa Del Rey,CA,90293,https://www.anytimemailbox.com/s/playa-del-rey-8117-w-manchester-ave
3020 Bernal Ave,Pleasanton,CA,94566,https://www.anytimemailbox.com/s/pleasanton-3020-bernal-avenue
2883 Hopyard Rd,Pleasanton,CA,94588,https://www.anytimemailbox.com/s/pleasanton-2883-hopyard-road
5424 Sunol Blvd,Pleasanton,CA,94566,https://www.anytimemailbox.com/s/pleasanton-5424-sunol-blvd
14781 Pomerado Rd,Poway,CA,92064,https://www.anytimemailbox.com/s/poway-14781-pomerado-road
13446 Poway Rd,Poway,CA,92064,https://www.anytimemailbox.com/s/poway-13446-poway-rd
7252 Archibald Ave,Rancho Cucamonga,CA,91701,https://www.anytimemailbox.com/s/rancho-cucamonga-7252-archibald-avenue
36101 Bob Hope Dr,Rancho Mirage,CA,92270,https://www.anytimemailbox.com/s/rancho-mirage-36101-bob-hope-drive
42440 Bob Hope Dr,Rancho Mirage,CA,92270,https://www.anytimemailbox.com/s/rancho-mirage-42440-bob-hope-drive
72877 Dinah Shore Dr,Rancho Mirage,CA,92270,https://www.anytimemailbox.com/s/rancho-mirage-72877-dinah-shore-drive
28364 S Western Ave,Rancho Palos Verdes,CA,90275,https://www.anytimemailbox.com/s/rancho-palos-verdes-28364-s-western-avenue
28625 S Western Ave,Rancho Palos Verdes,CA,90275,https://www.anytimemailbox.com/s/rancho-palos-verdes-28625-s-western-avenue
31441 Santa Margarita Pkwy,Rancho Santa Margarita,CA,92688,https://www.anytimemailbox.com/s/rancho-santa-margarita-31441-santa-margarita-pkwy
1752 E Lugonia Ave,Redlands,CA,92374,https://www.anytimemailbox.com/s/redlands-1752-e-lugonia-avenue
1732 Aviation Blvd,Redondo Beach,CA,90278,https://www.anytimemailbox.com/s/redondo-beach-1732-aviation-blvd
587 I St,Reedley,CA,93654,https://www.anytimemailbox.com/s/reedley-587-i-street
17722 Vanowen St,Reseda,CA,91335,https://www.anytimemailbox.com/s/reseda-17722-vanowen-street
4020 Chicago Ave,Riverside,CA,92507,https://www.anytimemailbox.com/s/riverside-4020-chicago-ave
3870 La Sierra Ave,Riverside,CA,92505,https://www.anytimemailbox.com/s/riverside-3870-la-sierra-ave
3950 Pierce St,Riverside,CA,92505,https://www.anytimemailbox.com/s/riverside-3950-pierce-street
6211 Valley Springs Pkwy,Riverside,CA,92507,https://www.anytimemailbox.com/s/riverside-6211-valley-springs-pkwy
17130 Van Buren Blvd,Riverside,CA,92504,https://www.anytimemailbox.com/s/riverside-17130-van-buren-blvd
19510 Van Buren Blvd,Riverside,CA,92508,https://www.anytimemailbox.com/s/riverside-19510-van-buren-blvd
3031 Stanford Ranch Rd,Rocklin,CA,95765,https://www.anytimemailbox.com/s/rocklin-3031-stanford-ranch-road
3101 Sunset Blvd,Rocklin,CA,95677,https://www.anytimemailbox.com/s/rocklin-3101-sunset-blvd
8919 Garvey Ave,Rosemead,CA,91770,https://www.anytimemailbox.com/s/rosemead-8919-garvey-avenue
17480 Colima Rd,Rowland Heights,CA,91748,https://www.anytimemailbox.com/s/rowland-heights-17480-colima-road
3575 Arden Way,Sacramento,CA,95864,https://www.anytimemailbox.com/s/sacramento-3575-arden-way
8977 Folsom Blvd,Sacramento,CA,95826,https://www.anytimemailbox.com/s/sacramento-8977-folsom-blvd
8399 Folsom Blvd,Sacramento,CA,95826,https://www.anytimemailbox.com/s/sacramento-8399-folsom-blvd
5015 Madison Ave.,Sacramento,CA,95841,https://www.anytimemailbox.com/s/sacramento-5015-madison-ave
4343 Marconi Ave,Sacramento,CA,95821,https://www.anytimemailbox.com/s/sacramento-4343-marconi-ave
10265 Rockingham Dr,Sacramento,CA,95827,https://www.anytimemailbox.com/s/sacramento-10265-rockingham-drive
5960 South Land Park Dr,Sacramento,CA,95822,https://www.anytimemailbox.com/s/sacramento-5960-south-land-park-drive
4905 Stockton Blvd,Sacramento,CA,95820,https://www.anytimemailbox.com/s/sacramento-4905-stockton-blvd
2999 Kendall Drive,San Bernardino,CA,92407,https://www.anytimemailbox.com/s/san-bernardino-2999-kendall-drive
1353 W Mill St,San Bernardino,CA,92410,https://www.anytimemailbox.com/s/san-bernardino-1353-w-mill-street
806 Avenida Pico,San Clemente,CA,92673,https://www.anytimemailbox.com/s/san-clemente-806-avenida-pico
1111 6th Ave,San Diego,CA,92101,https://www.anytimemailbox.com/s/san-diego-1111-6th-ave
8690 Aero Dr,San Diego,CA,92123,https://www.anytimemailbox.com/s/san-diego-8690-aero-drive
2801 B St.,San Diego,CA,92102,https://www.anytimemailbox.com/s/san-diego-2801-b-street
550 West B Street,San Diego,CA,92101,https://www.anytimemailbox.com/s/san-diego-550-west-b-street
4231 Balboa Ave,San Diego,CA,92117,https://www.anytimemailbox.com/s/san-diego-4231-balboa-avenue
13223 Black Mountain Rd,San Diego,CA,92129,https://www.anytimemailbox.com/s/san-diego-13223-black-mountain-road
421 Broadway,San Diego,CA,92101,https://www.anytimemailbox.com/s/san-diego-421-broadway
4653 Carmel Mountain Rd,San Diego,CA,92130,https://www.anytimemailbox.com/s/san-diego-4653-carmel-mountain-road
8334 Clairemont Mesa Blvd,San Diego,CA,92111,https://www.anytimemailbox.com/s/san-diego-8334-clairemont-mesa-blvd
2307 Fenton Pkwy,San Diego,CA,92108,https://www.anytimemailbox.com/s/san-diego-2307-fenton-parkway
113 West G St,San Diego,CA,92101,https://www.anytimemailbox.com/s/san-diego-113-west-g-street
4079 Governor Drive,San Diego,CA,92122,https://www.anytimemailbox.com/s/san-diego-4079-governor-drive
864 Grand Avenue,San Diego,CA,92109,https://www.anytimemailbox.com/s/san-diego-864-grand-avenue
7710 Hazard Center Dr,San Diego,CA,92108,https://www.anytimemailbox.com/s/san-diego-7710-hazard-center-drive
1501 India St,San Diego,CA,92101,https://www.anytimemailbox.com/s/san-diego-1501-india-street
4438 Ingraham St,San Diego,CA,92109,https://www.anytimemailbox.com/s/san-diego-4438-ingraham-street
1050 Kettner Blvd,San Diego,CA,92101,https://www.anytimemailbox.com/s/san-diego-1050-kettner-blvd
415 Laurel St,San Diego,CA,92101,https://www.anytimemailbox.com/s/san-diego-415-laurel-street
7580 Metropolitan Dr,San Diego,CA,92108,https://www.anytimemailbox.com/s/san-diego-7580-metropolitan-drive
9528 Miramar Rd,San Diego,CA,92126,https://www.anytimemailbox.com/s/san-diego-9528-miramar-road
6977 Navajo Rd,San Diego,CA,92119,https://www.anytimemailbox.com/s/san-diego-6977-navajo-road
4967 Newport Ave,San Diego,CA,92107,https://www.anytimemailbox.com/s/san-diego-4967-newport-avenue
2455 Otay Center Dr,San Diego,CA,92154,https://www.anytimemailbox.com/s/san-diego-2455-otay-center-drive
4370 Palm Ave,San Diego,CA,92154-1760,https://www.anytimemailbox.com/s/san-diego-4370-palm-avenue
3960 West Point Loma Blvd,San Diego,CA,92110,https://www.anytimemailbox.com/s/san-diego-3960-west-point-loma-blvd
12463 Rancho Bernardo Rd,San Diego,CA,92128,https://www.anytimemailbox.com/s/san-diego-12463-rancho-bernardo-rd
2498 Roll Dr,San Diego,CA,92154,https://www.anytimemailbox.com/s/san-diego-2498-roll-drive
3802 Rosecrans St,San Diego,CA,92110,https://www.anytimemailbox.com/s/san-diego-3802-rosecrans-street
9984 Scripps Ranch Blvd,San Diego,CA,92131,https://www.anytimemailbox.com/s/san-diego-9984-scripps-ranch-blvd
2907 Shelter Island Drive,San Diego,CA,92106,https://www.anytimemailbox.com/s/san-diego-2907-shelter-island-drive
1050 University Ave,San Diego,CA,92103,https://www.anytimemailbox.com/s/san-diego-1050-university-avenue
1286 University Ave,San Diego,CA,92103,https://www.anytimemailbox.com/s/san-diego-1286-university-avenue
325 W Washington St,San Diego,CA,92103,https://www.anytimemailbox.com/s/san-diego-325-w-washington-street
301 E Arrow Hwy,San Dimas,CA,91773,https://www.anytimemailbox.com/s/san-dimas-301-east-arrow-highway
1174 Via Verde,San Dimas,CA,91773,https://www.anytimemailbox.com/s/san-dimas-1174-via-verde
3739 Balboa Street,San Francisco,CA,94121,https://www.anytimemailbox.com/s/san-francisco-3739-balboa-street
584 Castro Street,San Francisco,CA,94114,https://www.anytimemailbox.com/s/san-francisco-584-castro-street
2021 Fillmore Street,San Francisco,CA,94115-2708,https://www.anytimemailbox.com/s/san-francisco-2021-fillmore-street
5432 Geary Blvd,San Francisco,CA,94121,https://www.anytimemailbox.com/s/san-francisco-5432-geary-blvd
28 Geary St,San Francisco,CA,94108,https://www.anytimemailbox.com/s/san-francisco-166-geary-street
1388 Haight St,San Francisco,CA,94117,https://www.anytimemailbox.com/s/san-francisco-1388-haight-street
2549 Irving St,San Francisco,CA,94122,https://www.anytimemailbox.com/s/san-francisco-2549-irving-street
490 Post St,San Francisco,CA,94102,https://www.anytimemailbox.com/s/san-francisco-490-post-street
447 Sutter St,San Francisco,CA,94108,https://www.anytimemailbox.com/s/san-francisco-447-sutter-street
6469 Almaden Expressway,San Jose,CA,95120,https://www.anytimemailbox.com/s/san-jose-6469-almaden-expwy
2066 N Capitol Ave,San Jose,CA,95132,https://www.anytimemailbox.com/s/san-jose-2066-n-capitol-avenue
2150 N First St,San Jose,CA,95131,https://www.anytimemailbox.com/s/san-jose-2150-n-first-street
1043 Garland Ave,San Jose,CA,95126-3159,https://www.anytimemailbox.com/s/san-jose-1043-garland-ave
3477 McKee Rd,San Jose,CA,95127,https://www.anytimemailbox.com/s/san-jose-3477-mckee-road
123 E San Carlos St,San Jose,CA,95112,https://www.anytimemailbox.com/s/san-jose-123-e-san-carlos-street
3277 S White Rd,San Jose,CA,95148,https://www.anytimemailbox.com/s/san-jose-3277-s-white-road
32158 Camino Capistrano,San Juan Capistrano,CA,92675,https://www.anytimemailbox.com/s/san-juan-capistrano-32158-camino-capistrano
711 Center Dr,San Marcos,CA,92069,https://www.anytimemailbox.com/s/san-marcos-711-center-drive
197 Woodland Pkwy,San Marcos,CA,92069,https://www.anytimemailbox.com/s/san-marcos-197-woodland-parkway
979 Woodland Pkwy,San Marcos,CA,92069,https://www.anytimemailbox.com/s/san-marcos-979-woodland-parkway
454 Las Gallinas Ave,San Rafael,CA,94903,https://www.anytimemailbox.com/s/san-rafael-454-las-gallinas-avenue
4460 Redwood Hwy,San Rafael,CA,94903,https://www.anytimemailbox.com/s/san-rafael-4460-redwood-hwy
9110 Alcosta Blvd,San Ramon,CA,94583,https://www.anytimemailbox.com/s/san-ramon-9110-alcosta-blvd
380 E San Ysidro Blvd,San Ysidro,CA,92173,https://www.anytimemailbox.com/s/san-ysidro-380-e-san-ysidro-blvd
740 S Harbor Blvd,Santa Ana,CA,92704,https://www.anytimemailbox.com/s/santa-ana-740-s-harbor-blvd
600 W Santa Ana Blvd,Santa Ana,CA,92701,https://www.anytimemailbox.com/s/santa-ana-600-w-santa-ana-blvd
5142 Hollister Ave,Santa Barbara,CA,93111,https://www.anytimemailbox.com/s/santa-barbara-5142-hollister-avenue
3463 State St,Santa Barbara,CA,93105,https://www.anytimemailbox.com/s/santa-barbara-3463-state-st
2010 El Camino Real,Santa Clara,CA,95050,https://www.anytimemailbox.com/s/santa-clara-2010-el-camino-real
3964 Rivermark Plaza,Santa Clara,CA,95054,https://www.anytimemailbox.com/s/santa-clara-3964-rivermark-plaza
18723 Via Princessa,Santa Clarita,CA,91387,https://www.anytimemailbox.com/s/santa-clarita-18723-via-princessa
2023 S Broadway,Santa Maria,CA,93454,https://www.anytimemailbox.com/s/santa-maria-2023-s-broadway
2219 Main St,Santa Monica,CA,90405,https://www.anytimemailbox.com/s/santa-monica-2219-main-street
2801 Ocean Park Blvd,Santa Monica,CA,90405,https://www.anytimemailbox.com/s/santa-monica-2801-ocean-park-blvd
1223 Wilshire Blvd,Santa Monica,CA,90403,https://www.anytimemailbox.com/s/santa-monica-1223-wilshire-blvd
2118 Wilshire Blvd,Santa Monica,CA,90403,https://www.anytimemailbox.com/s/santa-monica-2118-wilshire-blvd
1275 4th Street,Santa Rosa,CA,95404,https://www.anytimemailbox.com/s/santa-rosa-1275-4th-street
422 Larkfield Center,Santa Rosa,CA,95403,https://www.anytimemailbox.com/s/santa-rosa-422-larkfield-center
427 Mendocino Ave,Santa Rosa,CA,95401,https://www.anytimemailbox.com/s/santa-rosa-427-mendocino-avenue
4241 Montgomery Dr.,Santa Rosa,CA,95405,https://www.anytimemailbox.com/s/santa-rosa-4241-montgomery-dr
14435C Big Basin Way,Saratoga,CA,95070,https://www.anytimemailbox.com/s/saratoga-14435-c-big-basin-way
5610 Scotts Valley Dr,Scotts Valley,CA,95066,https://www.anytimemailbox.com/s/scotts-valley-5610-scotts-valley-drive
1077 Pacific Coast Highway,Seal Beach,CA,90740,https://www.anytimemailbox.com/s/seal-beach-1077-pacific-coast-highway
708 Gravenstein Hwy N,Sebastopol,CA,95472,https://www.anytimemailbox.com/s/sebastopol-708-gravenstein-hwy-north
5632 Van Nuys Blvd,Sherman Oaks,CA,91401,https://www.anytimemailbox.com/s/sherman-oaks-5632-van-nuys-blvd
14320 Ventura Blvd,Sherman Oaks,CA,91423,https://www.anytimemailbox.com/s/sherman-oaks-14320-ventura-blvd
14622 Ventura Blvd,Sherman Oaks,CA,91403,https://www.anytimemailbox.com/s/sherman-oaks-14622-ventura-blvd
1464 Madera Rd,Simi Valley,CA,93065,https://www.anytimemailbox.com/s/simi-valley-1464-madera-road
3848 Tweedy Blvd,South Gate,CA,90280,https://www.anytimemailbox.com/s/south-gate-3848-tweedy-blvd
2615 Sweetwater Springs Blvd,Spring Valley,CA,91978,https://www.anytimemailbox.com/s/spring-valley-2615-sweetwater-springs-blvd
4719 Quail Lakes Dr,Stockton,CA,95207,https://www.anytimemailbox.com/s/stockton-4719-quail-lakes-drive
30650 Rancho California Rd,Temecula,CA,92591,https://www.anytimemailbox.com/s/temecula-30650-rancho-california-road
31165 Temecula Pkwy,Temecula,CA,92592,https://www.anytimemailbox.com/s/temecula-31165-temecula-parkway
26489 Ynez Rd,Temecula,CA,92591,https://www.anytimemailbox.com/s/temecula-26489-ynez-road
27636 Ynez Rd,Temecula,CA,92591,https://www.anytimemailbox.com/s/temecula-27636-ynez-road
365 E Avenida De Los Arboles,Thousand Oaks,CA,91360,https://www.anytimemailbox.com/s/thousand-oaks-365-e-avenida-de-los-arboles
275 E. Hillcrest Drive,Thousand Oaks,CA,91360,https://www.anytimemailbox.com/s/thousand-oaks-1710-n-moorpark-road
3645 Thousand Oaks Blvd,Thousand Oaks,CA,91362,https://www.anytimemailbox.com/s/thousand-oaks-3645-thousand-oaks-blvd
24325 Crenshaw Blvd,Torrance,CA,90505,https://www.anytimemailbox.com/s/torrance-24325-crenshaw-blvd
21213 Hawthorne Blvd,Torrance,CA,90503,https://www.anytimemailbox.com/s/torrance-21213-hawthorne-blvd
2573 Pacific Coast Hwy,Torrance,CA,90505,https://www.anytimemailbox.com/s/torrance-2573-pacific-coast-highway
2768 Sepulveda Blvd,Torrance,CA,90505,https://www.anytimemailbox.com/s/torrance-2768-sepulveda-blvd
7784 W 11th St,Tracy,CA,95304,https://www.anytimemailbox.com/s/tracy-7784-w-11th-street
17602 17th St,Tustin,CA,92780,https://www.anytimemailbox.com/s/tustin-17602-17th-street
360 E. 1st St,Tustin,CA,92780,https://www.anytimemailbox.com/s/tustin-360-east-1st-street
15090 Kensington Park Dr,Tustin,CA,92782,https://www.anytimemailbox.com/s/tustin-15090-kensington-park-drive
1107 S State St,Ukiah,CA,95482,https://www.anytimemailbox.com/s/ukiah-1107-s-state-st
6221 Van Nuys Blvd,Van Nuys,CA,91401,https://www.anytimemailbox.com/s/van-nuys-6221-van-nuys-blvd
4860 Telephone Rd,Ventura,CA,93003,https://www.anytimemailbox.com/s/ventura-4860-telephone-road
14335 Hesperia Rd,Victorville,CA,92395,https://www.anytimemailbox.com/s/victorville-14335-hesperia-road
3231 Business Park Dr,Vista,CA,92081,https://www.anytimemailbox.com/s/vista-3231-business-park-drive
770 Sycamore Ave,Vista,CA,92083,https://www.anytimemailbox.com/s/vista-770-sycamore-avenue
1929 W Vista Way,Vista,CA,92083,https://www.anytimemailbox.com/s/vista-1929-w-vista-way
20651 Golden Springs Dr,Walnut,CA,91789,https://www.anytimemailbox.com/s/walnut-20651-golden-springs-drive
382 N Lemon Ave,Walnut,CA,91789,https://www.anytimemailbox.com/s/walnut-382-n-lemon-ave
5776 Lindero Canyon Rd,Westlake Village,CA,91362,https://www.anytimemailbox.com/s/westlake-village-5776-lindero-canyon-road
1014 S. Westlake Blvd,Westlake Village,CA,91361,https://www.anytimemailbox.com/s/westlake-village-1014-s-westlake-blvd
20855 Ventura Blvd,Woodland Hills,CA,91364,https://www.anytimemailbox.com/s/woodland-hills-20855-ventura-blvd
21781 Ventura Blvd,Woodland Hills,CA,91364,https://www.anytimemailbox.com/s/woodland-hills-21781-ventura-blvd
22704 Ventura Blvd,Woodland Hills,CA,91364,https://www.anytimemailbox.com/s/woodland-hills-22704-ventura-blvd
21520 Yorba Linda Blvd,Yorba Linda,CA,92887,https://www.anytimemailbox.com/s/yorba-linda-21520-yorba-linda-blvd
1000 Lincoln Road,Yuba City,CA,95991,https://www.anytimemailbox.com/s/yuba-city-1000-lincoln-road
34366 Yucaipa Blvd,Yucaipa,CA,92399,https://www.anytimemailbox.com/s/yucaipa-34366-yucaipa-blvd
