Street Address,Suite/Apartment,City,State Abbreviation,Zip Code,Detail Url
1204 Main St,,Branford,CT,06405,https://www.anytimemailbox.com/s/branford-1204-main-street
1019 Main St,Unit,Bridgeport,CT,06604,https://www.anytimemailbox.com/s/bridgeport-1019-main-street
275 Maple Ave,Ste 1,Cheshire,CT,06410,https://www.anytimemailbox.com/s/cheshire-275-maple-ave
1 West St,Unit,Danbury,CT,06810,https://www.anytimemailbox.com/s/danbury-1-west-street
320 Boston Post Rd,Suite 180,Darien,CT,06820,https://www.anytimemailbox.com/s/darien-320-boston-post-road
"310R Flanders Rd, Rear",Rear Bldg,East Lyme,CT,06333,https://www.anytimemailbox.com/s/east-lyme-153-boston-post-road
109 Bridge St,Unit,Groton,CT,06340,https://www.anytimemailbox.com/s/groton-109-bridge-street
39 1/2 Wedgewood Dr,Unit,Jewett City,CT,06351,https://www.anytimemailbox.com/s/jewett-city-39-12-wedgewood-drive
415 Boston Post Rd,Ste 3,Milford,CT,06460,https://www.anytimemailbox.com/s/milford-415-boston-post-road
1656 Meriden-Waterbury Turnpike,Unit,Milldale,CT,06467,https://www.anytimemailbox.com/s/milldale-1656-meriden-waterbury-turnpike
461 Monroe Turnpike,Unit,Monroe,CT,06468,https://www.anytimemailbox.com/s/monroe-461-monroe-turnpike
1700 E Putnam Avenue,Suite 208,Old Greenwich,CT,06870,https://www.anytimemailbox.com/s/old-greenwich-1700-e-putnam-ave
9 Union Square,Unit,Southbury,CT,06488,https://www.anytimemailbox.com/s/southbury-9-union-square
