Street Address,City,State Abbreviation,Zip Code,Detail Url
408 N Wayne St,Angola,IN,46703,https://www.anytimemailbox.com/s/angola-408-n-wayne-st
346 N Grandstaff Dr,Auburn,IN,46706,https://www.anytimemailbox.com/s/auburn-346-n-grandstaff-dr
52 E Main St,Danville,IN,46122,https://www.anytimemailbox.com/s/danville-52-e-main-street
2421 Menards Dr,Evansville,IN,47715,https://www.anytimemailbox.com/s/evansville-2421-menards-dr
11807 Allisonville Rd,Fishers,IN,46038,https://www.anytimemailbox.com/s/fishers-11807-allisonville-rd
429 E Dupont Rd,Fort Wayne,IN,46825,https://www.anytimemailbox.com/s/fort-wayne-429-e-dupont-road
6435 W Jefferson Blvd,Fort Wayne,IN,46804,https://www.anytimemailbox.com/s/fort-wayne-6435-w-jefferson-blvd
10220 Old Leo Rd,Fort Wayne,IN,46825,https://www.anytimemailbox.com/s/fort-wayne-10220-old-leo-road
3831 Hohman Ave,Hammond,IN,46327,https://www.anytimemailbox.com/s/hammond-3831-hohman-avenue
9105 E 56th St,Indianapolis,IN,46216,https://www.anytimemailbox.com/s/indianapolis-9105-e-56th-st
5625 N German Church Rd,Indianapolis,IN,46235,https://www.anytimemailbox.com/s/indianapolis-5625-n-german-church-road
3410 N High School Rd,Indianapolis,IN,46224,https://www.anytimemailbox.com/s/indianapolis-3410-n-high-school-road
326 E Court Ave,Jeffersonville,IN,47130,https://www.anytimemailbox.com/s/jeffersonville-601-north-shore-drive
3618 W 80th Ln,Merrillville,IN,46410,https://www.anytimemailbox.com/s/merrillville-3618-w-80th-lane
5475 Broadway,Merrillville,IN,46410,https://www.anytimemailbox.com/s/merrillville-5475-broadway
722 S Liberty St,Muncie,IN,47305,https://www.anytimemailbox.com/s/muncie-722-s-liberty-street
8437 Bell Oaks Drive,Newburgh,IN,47630,https://www.anytimemailbox.com/s/newburgh-8437-bell-oaks-drive
127 N Hart St,Princeton,IN,47670,https://www.anytimemailbox.com/s/princeton-127-n-hart-street
1609 W Mcclain Ave,Scottsburg,IN,47170,https://www.anytimemailbox.com/s/scottsburg-1609-w-mcclain-avenue
