Street Address,City,State Abbreviation,Zip Code,Detail Url
207 Towne Dr,Elizabethtown,KY,42701,https://www.anytimemailbox.com/s/elizabethtown-207-towne-drive
625 S L Rogers Wells Blvd,Glasgow,KY,42141,https://www.anytimemailbox.com/s/glasgow-625-sl-rogers-wells-blvd
952 Winchester Rd,Lexington,KY,40505,https://www.anytimemailbox.com/s/lexington-952-winchester-road
996 E New Circle Rd,Lexington,KY,40505,https://www.anytimemailbox.com/s/lexington-996-e-new-circle-road
6844 Bardstown Rd,Louisville,KY,40291,https://www.anytimemailbox.com/s/louisville-6844-bardstown-road
2210 Goldsmith Ln,Louisville,KY,40218,https://www.anytimemailbox.com/s/louisville-2210-goldsmith-lane
734 Knox Blvd,Radcliff,KY,40160,https://www.anytimemailbox.com/s/radcliff-734-knox-blvd
110 N Court St,Scottsville,KY,42164,https://www.anytimemailbox.com/s/scottsville-110-north-court-street
