Street Address,City,State Abbreviation,Zip Code,Detail Url
1125 West Street,Annapolis,MD,21401,https://www.anytimemailbox.com/s/annapolis-1125-west-street
1014 W 36th St,Baltimore,MD,21211,https://www.anytimemailbox.com/s/baltimore-1014-w-36th-street
5808 Belair Rd,Baltimore,MD,21206,https://www.anytimemailbox.com/s/baltimore-5808-belair-road
3028 Greenmount Ave,Baltimore,MD,21218,https://www.anytimemailbox.com/s/baltimore-3028-greenmount-ave
822 Guilford Ave,Baltimore,MD,21202,https://www.anytimemailbox.com/s/baltimore-822-guilford-avenue
1400 W. Lombard Street,Baltimore,MD,21223,https://www.anytimemailbox.com/s/baltimore-1400-w-lombard-street
6340 Security Blvd,Baltimore,MD,21207,https://www.anytimemailbox.com/s/baltimore-6340-security-blvd
1443 Rock Spring Rd,Bel Air,MD,21014,https://www.anytimemailbox.com/s/bel-air-1443-rock-spring-road
4600 Powder Mill Rd,Beltsville,MD,20705,https://www.anytimemailbox.com/s/beltsville-4600-powder-mill-road
12530 Fairwood Pkwy,Bowie,MD,20720,https://www.anytimemailbox.com/s/bowie-12530-fairwood-pkwy
23415 Three Notch Rd,California,MD,20619,https://www.anytimemailbox.com/s/california-23415-three-notch-road
9175 Guilford Rd,Columbia,MD,21046,https://www.anytimemailbox.com/s/columbia-9175-guilford-rd
8850 Stanford Blvd,Columbia,MD,21045,https://www.anytimemailbox.com/s/columbia-8850-stanford-blvd
5457 Twin Knolls Rd,Columbia,MD,21045,https://www.anytimemailbox.com/s/columbia-5457-twin-knolls-road
6325 Woodside Ct,Columbia,MD,21046,https://www.anytimemailbox.com/s/columbia-6325-woodside-court
614 North Centre St,Cumberland,MD,21502,https://www.anytimemailbox.com/s/cumberland-614-north-centre-street
210 Marlboro Ave,Easton,MD,21601,https://www.anytimemailbox.com/s/easton-210-marlboro-avenue
64 W Central Ave,Edgewater,MD,21037,https://www.anytimemailbox.com/s/edgewater-64-w-central-avenue
10045 Baltimore National Pike,Ellicott City,MD,21042,https://www.anytimemailbox.com/s/ellicott-city-10045-baltimore-national-pike
4725 Dorsey Hall Dr,Ellicott City,MD,21042,https://www.anytimemailbox.com/s/ellicott-city-4725-dorsey-hall-drive
8507 Oxon Hill Rd,Fort Washington,MD,20744,https://www.anytimemailbox.com/s/fort-washington-8507-oxon-hill-road
1209 North East St,Frederick,MD,21701,https://www.anytimemailbox.com/s/frederick-1209-north-east-street
7100 Guilford Dr,Frederick,MD,21704,https://www.anytimemailbox.com/s/frederick-7100-guilford-drive
267 Kentlands Blvd,Gaithersburg,MD,20878,https://www.anytimemailbox.com/s/gaithersburg-267-kentlands-blvd
18310 Montgomery Village Ave,Gaithersburg,MD,20879,https://www.anytimemailbox.com/s/gaithersburg-18310-montgomery-village-avenue
7310 Ritchie Hwy,Glen Burnie,MD,21061,https://www.anytimemailbox.com/s/glen-burnie-7310-ritchie-highway
6401 Golden Triangle Dr,Greenbelt,MD,20770,https://www.anytimemailbox.com/s/greenbelt-6401-golden-triangle-drive
5 Public Sq,Hagerstown,MD,21740,https://www.anytimemailbox.com/s/hagerstown-5-public-square
5557 Baltimore Ave,Hyattsville,MD,20781,https://www.anytimemailbox.com/s/hyattsville-5557-baltimore-avenue
4328 Farragut St,Hyattsville,MD,20782,https://www.anytimemailbox.com/s/hyattsville-4328-farragut-street
1811 G St,Joint Base Andrews,MD,20762,https://www.anytimemailbox.com/s/joint-base-andrews-1811-g-street
10001 Derekwood Ln,Lanham,MD,20706,https://www.anytimemailbox.com/s/lanham-10001-derekwood-lane
7375 Executive Pl,Lanham,MD,20706,https://www.anytimemailbox.com/s/lanham-7375-executive-place
7404 Executive Pl,Lanham,MD,20706,https://www.anytimemailbox.com/s/lanham-7404-executive-place
4500 Forbes Blvd,Lanham,MD,20706,https://www.anytimemailbox.com/s/lanham-4500-forbes-blvd
1300 Mercantile Ln,Largo,MD,20774,https://www.anytimemailbox.com/s/largo-1300-mercantile-lane
14502 Greenview Dr,Laurel,MD,20708,https://www.anytimemailbox.com/s/laurel-14502-greenview-drive
8101 Sandy Spring Rd,Laurel,MD,20707,https://www.anytimemailbox.com/s/laurel-8101-sandy-spring-road
1190 Winterson Rd,Linthicum Heights,MD,21090,https://www.anytimemailbox.com/s/linthicum-heights-1190-winterson-road
100 Middletown Parkway,Middletown,MD,21769,https://www.anytimemailbox.com/s/middletown-100-middletown-parkway
8777 Piney Orchard Pkwy,Odenton,MD,21113,https://www.anytimemailbox.com/s/odenton-8777-piney-orchard-pkwy
9722 Groffs Mill Dr,Owings Mills,MD,21117,https://www.anytimemailbox.com/s/owings-mills-9722-groffs-mill-dr
645 Solomons Island Rd,Prince Frederick,MD,20678,https://www.anytimemailbox.com/s/prince-frederick-645-solomons-island-road
6200 Baltimore Ave,Riverdale,MD,20737,https://www.anytimemailbox.com/s/riverdale-6200-baltimore-avenue
6801 Kenilworth Ave,Riverdale,MD,20737,https://www.anytimemailbox.com/s/riverdale-6801-kenilworth-avenue
6811 Kenilworth Ave,Riverdale,MD,20737,https://www.anytimemailbox.com/s/riverdale-6811-kenilworth-avenue
402 King Farm Blvd,Rockville,MD,20850,https://www.anytimemailbox.com/s/rockville-402-king-farm-blvd
12345 Parklawn Dr,Rockville,MD,20852,https://www.anytimemailbox.com/s/rockville-12345-parklawn-drive
11140 Rockville Pike,Rockville,MD,20852,https://www.anytimemailbox.com/s/rockville-11140-rockville-pike
1451 Rockville Pike,Rockville,MD,20852,https://www.anytimemailbox.com/s/rockville-1451-rockville-pike
10770 Columbia Pike,Silver Spring,MD,20901,https://www.anytimemailbox.com/s/silver-spring-10770-columbia-pike
9466 Georgia Ave,Silver Spring,MD,20910,https://www.anytimemailbox.com/s/silver-spring-9466-georgia-avenue
1301 York Rd,Timonium,MD,21093,https://www.anytimemailbox.com/s/timonium-1301-york-road
2219 York Rd,Timonium,MD,21093,https://www.anytimemailbox.com/s/timonium-2219-york-road
849 Fairmount Ave,Towson,MD,21286,https://www.anytimemailbox.com/s/towson-849-fairmount-avenue
200 Washington Ave,Towson,MD,21204,https://www.anytimemailbox.com/s/towson-200-washington-ave
2-A Industrial Park Dr,Waldorf,MD,20602,https://www.anytimemailbox.com/s/waldorf-2-a-industrial-park-drive
173 Saint Patricks Dr,Waldorf,MD,20603,https://www.anytimemailbox.com/s/waldorf-173-saint-patrick-drive
