Street Address,City,State Abbreviation,Zip Code,Detail Url
1400 Forum Blvd Ste 7A,Columbia,MO,65203,https://www.anytimemailbox.com/s/columbia-1400-forum-blvd
629 Maple Valley Dr,Farmington,MO,63640,https://www.anytimemailbox.com/s/farmington-770-market-st
215 Gage Dr,Hollister,MO,65672,https://www.anytimemailbox.com/s/hollister-215-gage-drive
11312 E 44th St,Kansas City,MO,64133,https://www.anytimemailbox.com/s/kansas-city-11312-e-44th-street
4050 Pennsylvania Ave,Kansas City,MO,64111-3041,https://www.anytimemailbox.com/s/kansas-city-4050-pennsylvania-avenue
215 W Pershing Rd,Kansas City,MO,64108,https://www.anytimemailbox.com/s/kansas-city-215-w-pershing-road
1200 Lake Saint Louis Blvd,Lake Saint Louis,MO,63367,https://www.anytimemailbox.com/s/lake-saint-louis-1200-lake-saint-louis-blvd
312 SW Greenwich Drive,Lee's Summit,MO,64082,https://www.anytimemailbox.com/s/lees-summit-312-sw-greenwich-drive
1120 Technology Dr,O'Fallon,MO,63368,https://www.anytimemailbox.com/s/ofallon-1120-technology-dr
1302 Platte Falls Rd,Platte City,MO,64079,https://www.anytimemailbox.com/s/platte-city-1302-platte-falls-road
5542 Raytown Rd,Raytown,MO,64133,https://www.anytimemailbox.com/s/raytown-5542-raytown-road
513 US Highway 60 E,Republic,MO,65738,https://www.anytimemailbox.com/s/republic-513-us-highway-60-east
3324 Rue Royale St,St Charles,MO,63301,https://www.anytimemailbox.com/s/st-charles-3324-rue-royale-street
540 E Young Ave,Warresnburg,MO,64093,https://www.anytimemailbox.com/s/warresnburg-540-e-young-ave
