Street Address,City,State Abbreviation,Zip Code,Detail Url
100 24th Street West,Billings,MT,59102,https://www.anytimemailbox.com/s/billings-100-24th-street-west
821 N 27th St,Billings,MT,59101,https://www.anytimemailbox.com/s/billings-821-n-27th-street
3031 Grand Ave,Billings,MT,59102,https://www.anytimemailbox.com/s/billings-3031-grand-ave
1800 S 22nd Ave,Bozeman,MT,59718,https://www.anytimemailbox.com/s/bozeman-1800-s-22nd-avenue
40 Spanish Peak Dr,Bozeman,MT,59718,https://www.anytimemailbox.com/s/bozeman-40-spanish-peak-drive
1827 11th Ave,Helena,MT,59601,https://www.anytimemailbox.com/s/helena-1827-11th-avenue
175 Hutton Ranch Rd,Kalispell,MT,59901,https://www.anytimemailbox.com/s/kalispell-175-hutton-ranch-road
2120 S Reserve St,Missoula,MT,59801,https://www.anytimemailbox.com/s/missoula-2120-so-reserve-street
6479 US Hwy 93 S,Whitefish,MT,59937,https://www.anytimemailbox.com/s/whitefish-6479-us-hwy-93-s
