Street Address,City,State Abbreviation,Zip Code,Detail Url
3827 S Carson St,Carson City,NV,89701,https://www.anytimemailbox.com/s/carson-city-3827-s-carson-street
2880 Bicentennial Pkwy,Henderson,NV,89044,https://www.anytimemailbox.com/s/henderson-2880-bicentennial-parkway
1550 W Horizon Ridge Pkwy,Henderson,NV,89012,https://www.anytimemailbox.com/s/henderson-1550-w-horizon-ridge-pkwy
2654 W Horizon Ridge Pkwy,Henderson,NV,89052,https://www.anytimemailbox.com/s/henderson-2654-w-horizon-ridge-pkwy
35 E Horizon Ridge Pkwy,Henderson,NV,89002,https://www.anytimemailbox.com/s/henderson-35-e-horizon-ridge-pkwy
209 S Stephanie St,Henderson,NV,89012,https://www.anytimemailbox.com/s/henderson-209-s-stephanie-street
1540 W Sunset Rd,Henderson,NV,89014,https://www.anytimemailbox.com/s/henderson-1540-w-sunset-road
5155 Blue Diamond Rd,Las Vegas,NV,89139,https://www.anytimemailbox.com/s/las-vegas-5155-blue-diamond-road
"6881 W Charleston Blvd, Ste A",Las Vegas,NV,89117,https://www.anytimemailbox.com/s/las-vegas-6881-w-charleston-blvd
4950 W Craig Rd,Las Vegas,NV,89130,https://www.anytimemailbox.com/s/las-vegas-4950-w-craig-rd
2605 S Decatur Blvd,Las Vegas,NV,89102,https://www.anytimemailbox.com/s/las-vegas-2605-s-decatur-blvd
6955 N Durango Dr,Las Vegas,NV,89149,https://www.anytimemailbox.com/s/las-vegas-6955-n-durango-drive
8090 S Durango Dr,Las Vegas,NV,89113,https://www.anytimemailbox.com/s/las-vegas-8090-s-durango-drive
8565 S Eastern Ave,Las Vegas,NV,89123,https://www.anytimemailbox.com/s/las-vegas-8565-s-eastern-ave
8414 W Farm Rd,Las Vegas,NV,89131,https://www.anytimemailbox.com/s/las-vegas-8414-w-farm-road
10120 W Flamingo Rd,Las Vegas,NV,89147,https://www.anytimemailbox.com/s/las-vegas-10120-w-flamingo-road
6130 West Flamingo Road,Las Vegas,NV,89103,https://www.anytimemailbox.com/s/las-vegas-6130-west-flamingo-road
6415 S Fort Apache Rd,Las Vegas,NV,89148,https://www.anytimemailbox.com/s/las-vegas-6415-s-fort-apache-road
7198 Golden Acre Ave,Las Vegas,NV,89113,https://www.anytimemailbox.com/s/las-vegas-7198-golden-acre-ave
3009 Hawksdale Dr,Las Vegas,NV,89134,https://www.anytimemailbox.com/s/las-vegas-3009-hawksdale-drive
7181 N. Hualapai Way,Las Vegas,NV,89166,https://www.anytimemailbox.com/s/las-vegas-7181-n-hualapai-way
1421 N Jones Blvd,Las Vegas,NV,89108,https://www.anytimemailbox.com/s/las-vegas-1421-n-jones-blvd
9620 S Las Vegas Blvd,Las Vegas,NV,89123,https://www.anytimemailbox.com/s/las-vegas-9620-s-las-vegas-blvd
420 N Nellis Blvd,Las Vegas,NV,89110,https://www.anytimemailbox.com/s/las-vegas-420-n-nellis-blvd
2300 N Rainbow Blvd,Las Vegas,NV,89108,https://www.anytimemailbox.com/s/las-vegas-2300-n-rainbow-blvd
3172 N Rainbow Blvd,Las Vegas,NV,89108,https://www.anytimemailbox.com/s/las-vegas-3172-n-rainbow-blvd
848 N. Rainbow Blvd,Las Vegas,NV,89107,https://www.anytimemailbox.com/s/las-vegas-848-n-rainbow-blvd
5075D S Pecos Rd,Las Vegas,NV,89120,https://www.anytimemailbox.com/s/las-vegas-5075d-s-pecos-road
8465 W Sahara Ave,Las Vegas,NV,89117,https://www.anytimemailbox.com/s/las-vegas-8465-w-sahara-ave
8635 W Sahara Ave,Las Vegas,NV,89117,https://www.anytimemailbox.com/s/las-vegas-8635-w-sahara-avenue
9101 W Sahara Ave,Las Vegas,NV,89117,https://www.anytimemailbox.com/s/las-vegas-9101-w-sahara-avenue
1920 E Serene Ave,Las Vegas,NV,89123,https://www.anytimemailbox.com/s/las-vegas-1920-e-serene-avenue
2510 E Sunset Rd,Las Vegas,NV,89120,https://www.anytimemailbox.com/s/las-vegas-2510-e-sunset-road
8400 West Sunset Road,Las Vegas,NV,89113,https://www.anytimemailbox.com/s/las-vegas-8400-west-sunset-road
1101 E Tropicana Ave,Las Vegas,NV,89119,https://www.anytimemailbox.com/s/las-vegas-1101-e-tropicana-avenue
2375 E Tropicana Ave Suite 8,Las Vegas,NV,89119,https://www.anytimemailbox.com/s/las-vegas-2375-e-tropicana-avenue
1155 E Twain Ave,Las Vegas,NV,89169,https://www.anytimemailbox.com/s/las-vegas-1155-e-twain-avenue
3859 S Valley View Blvd,Las Vegas,NV,89103,https://www.anytimemailbox.com/s/las-vegas-3859-s-valley-view-blvd
2381 E Windmill Ln,Las Vegas,NV,89123,https://www.anytimemailbox.com/s/las-vegas-2381-e-windmill-lane
6462 Losee Rd,North Las Vegas,NV,89086,https://www.anytimemailbox.com/s/north-las-vegas-6462-losee-road
6355 N Commerce St,North Las Vegas,NV,89031,https://www.anytimemailbox.com/s/north-las-vegas-6355-n-commerce-street
5150 Mae Anne Ave,Reno,NV,89523,https://www.anytimemailbox.com/s/reno-5150-mae-anne-avenue
10580 N McCarran Blvd,Reno,NV,89503,https://www.anytimemailbox.com/s/reno-10580-n-mccarran-blvd
1344 Disc Dr,Sparks,NV,89436,https://www.anytimemailbox.com/s/sparks-1344-disc-drive
512 W Goldfield Ave,Yerington,NV,89447,https://www.anytimemailbox.com/s/yerington-512-w-goldfield-avenue
