Street Address,City,State Abbreviation,Zip Code,Detail Url
991 US-22,Bridgewater,NJ,08807,https://www.anytimemailbox.com/s/bridgewater-991-us-22
98 US Hwy 46,Budd Lake,NJ,07828,https://www.anytimemailbox.com/s/budd-lake-98-us-highway-46
530 E Main St,Chester,NJ,07930,https://www.anytimemailbox.com/s/chester-530-e-main-street
377 Valley Rd,Clifton,NJ,07013,https://www.anytimemailbox.com/s/clifton-377-valley-road
485 Georges Rd,Dayton,NJ,08810,https://www.anytimemailbox.com/s/dayton-485-georges-road
859 US-130,East Windsor,NJ,08520,https://www.anytimemailbox.com/s/east-windsor-859-us-130
6 Kilmer Rd,Edison,NJ,08817,https://www.anytimemailbox.com/s/edison-6-kilmer-road
180 Talmadge Rd,Edison,NJ,08817,https://www.anytimemailbox.com/s/edison-180-talmadge-road
2600 Tilton Rd,Egg Harbor Township,NJ,08234,https://www.anytimemailbox.com/s/egg-harbor-township-2600-tilton-road
1077 North Ave,Elizabeth,NJ,07201,https://www.anytimemailbox.com/s/elizabeth-1077-north-avenue
865 NJ 33 Business,Freehold,NJ,07728,https://www.anytimemailbox.com/s/freehold-865-nj-33-business
78 Main St,Hackettstown,NJ,07840,https://www.anytimemailbox.com/s/hackettstown-78-main-street
470 Schooleys Mountain Road,Hackettstown,NJ,07840-4096,https://www.anytimemailbox.com/s/hackettstown-470-schooleys-mountain-road
450 Amwell Rd,Hillsborough,NJ,08844,https://www.anytimemailbox.com/s/hillsborough-450-amwell-road
1404 Oak Tree Rd,Iselin,NJ,08830,https://www.anytimemailbox.com/s/iselin-1404-oak-tree-road
1078 Summit Ave,Jersey City,NJ,07307,https://www.anytimemailbox.com/s/jersey-city-1078-summit-avenue
217 Summit Ave,Jersey City,NJ,07304,https://www.anytimemailbox.com/s/jersey-city-217-summit-ave
111 Town Square Place,Jersey City,NJ,07310,https://www.anytimemailbox.com/s/jersey-city-111-town-square-place
112 Giffordtown Ln,Little Egg Harbor,NJ,08087,https://www.anytimemailbox.com/s/little-egg-harbor-112-giffordtown-lane
463 Main St,Little Falls,NJ,07424,https://www.anytimemailbox.com/s/little-falls-463-main-street
2 Arnot St,Lodi,NJ,07644,https://www.anytimemailbox.com/s/lodi-2-arnot-street
300 Main Street,Madison,NJ,07940,https://www.anytimemailbox.com/s/madison-300-main-street
479 State Rte. 17 N,Mahwah,NJ,07430,https://www.anytimemailbox.com/s/mahwah-479-state-route-17-north
1070 NJ-34,Matawan,NJ,07747,https://www.anytimemailbox.com/s/matawan-1070-nj-34
100 Matawan Rd,Matawan,NJ,07747,https://www.anytimemailbox.com/s/matawan-100-matawan-road
107 Tindall Rd,Middletown Township,NJ,07748,https://www.anytimemailbox.com/s/middletown-township-107-tindall-road
44 Washington St,Morristown,NJ,07960,https://www.anytimemailbox.com/s/morristown-44-washington-street
921 Pleasant Valley Ave,Mount Laurel,NJ,08054,https://www.anytimemailbox.com/s/mount-laurel-921-pleasant-valley-avenue
2040 Millburn Ave,Maplewood,NJ,07040,https://www.anytimemailbox.com/s/new-jersey-2040-milburn-avenue
146-B Ferry Street,Newark,NJ,07105,https://www.anytimemailbox.com/s/newark-146-b-ferry-street
110 Jabez Street,Newark,NJ,07105,https://www.anytimemailbox.com/s/newark-110-jabez-street
188 Jefferson Street,Newark,NJ,07105,https://www.anytimemailbox.com/s/newark-188-jefferson-street
511 S. Orange Ave,Newark,NJ,07103,https://www.anytimemailbox.com/s/newark-511-s-orange-avenue
643 Georges Rd,North Brunswick,NJ,08902,https://www.anytimemailbox.com/s/north-brunswick-643-georges-rd
8 Campus Dr,Parsippany,NJ,07054,https://www.anytimemailbox.com/s/parsippany-8-campus-drive
330 Changebridge Rd,Pine Brook,NJ,07058,https://www.anytimemailbox.com/s/pine-brook-330-changebridge-road
108 Watchung Ave,Plainfield,NJ,07060,https://www.anytimemailbox.com/s/plainfield-108-watchung-avenue
2107 Goldfinch Blvd,Princeton,NJ,08540,https://www.anytimemailbox.com/s/princeton-2107-goldfinch-blvd
28 Spring St,Princeton,NJ,08542,https://www.anytimemailbox.com/s/princeton-28-spring-street
2360 Route 33,Robbinsville,NJ,08691,https://www.anytimemailbox.com/s/robbinsville-2360-route-33
288 Egg Harbor Rd,Sewell,NJ,08080,https://www.anytimemailbox.com/s/sewell-288-egg-harbor-road
4 S Orange Ave,South Orange,NJ,07079,https://www.anytimemailbox.com/s/south-orange-4-s-orange-avenue
106 Apple St,Tinton Falls,NJ,07724,https://www.anytimemailbox.com/s/tinton-falls-106-apple-street
5051 Black Horse Pike,Turnersville,NJ,08012,https://www.anytimemailbox.com/s/turnersville-5051-route-42
540 North Ave Ste 1,Union,NJ,07083,https://www.anytimemailbox.com/s/union-540-north-avenue
500 Paterson Plank Rd,Union City,NJ,07087,https://www.anytimemailbox.com/s/union-city-500-paterson-plank-road
412 E Washington Ave,Washington,NJ,07882,https://www.anytimemailbox.com/s/washington-412-e-washington-avenue
1536 State Route 23,Wayne,NJ,07470,https://www.anytimemailbox.com/s/wayne-1536-state-route-23
