Street Address,City,State Abbreviation,Zip Code,Detail Url
42 Dover Point Rd,Dover,NH,03820,https://www.anytimemailbox.com/s/dover-42-dover-point-road
51 Elm St,Laconia,NH,03246,https://www.anytimemailbox.com/s/laconia-51-elm-street
923 Elm St,Manchester,NH,03101,https://www.anytimemailbox.com/s/manchester-923-elm-street
50a Northwestern Dr,Salem,NH,03079,https://www.anytimemailbox.com/s/salem-50a-northwestern-drive
20 Portsmouth Ave STE 1,Stratham,NH,03885,https://www.anytimemailbox.com/s/stratham-20-portsmouth-avenue
