Street Address,City,State Abbreviation,Zip Code,Detail Url
296 Route 59,Airmont,NY,10901,https://www.anytimemailbox.com/s/airmont-296-route-59
69 State St,Albany,NY,12207,https://www.anytimemailbox.com/s/albany-69-state-street
4498 Main St,Amherst,NY,14226,https://www.anytimemailbox.com/s/amherst-4498-main-street
2810 23rd Ave,Astoria,NY,11105,https://www.anytimemailbox.com/s/astoria-2810-23rd-avenue
2509 Astoria Blvd,Astoria,NY,11102,https://www.anytimemailbox.com/s/astoria-2509-astoria-boulevard
3811 Ditmars Blvd,Astoria,NY,11105,https://www.anytimemailbox.com/s/astoria-3811-ditmars-blvd
12 Main St,Brewster,NY,10509,https://www.anytimemailbox.com/s/brewster-12-main-street
1872 Pleasantville Rd,Briarcliff Manor,NY,10510,https://www.anytimemailbox.com/s/briarcliff-manor-1872-pleasantville-road
1223 East 233rd St,Bronx,NY,10466,https://www.anytimemailbox.com/s/bronx-1223-east-233rd-street
1450 Allerton Ave,Bronx,NY,10469,https://www.anytimemailbox.com/s/bronx-1450-allerton-avenue
1490 Crotona Park E,Bronx,NY,10460,https://www.anytimemailbox.com/s/bronx-1490-crotona-park-e
3030 Middletown Road,Bronx,NY,10461,https://www.anytimemailbox.com/s/bronx-3010-eastchester-road
460 E Fordham Rd,Bronx,NY,10458,https://www.anytimemailbox.com/s/bronx-460-e-fordham-road
557 Grand Concourse,Bronx,NY,10451,https://www.anytimemailbox.com/s/bronx-557-grand-concourse
2260 Washington Ave,Bronx,NY,10457,https://www.anytimemailbox.com/s/bronx-2260-washington-avenue
1451 West Avenue,Bronx,NY,10462,https://www.anytimemailbox.com/s/bronx-1451-west-avenue
​1836 Westchester Ave,Bronx,NY,10472,https://www.anytimemailbox.com/s/bronx-1836-westchester-avenue
2096 White Plains Rd,Bronx,NY,10462,https://www.anytimemailbox.com/s/bronx-2096-white-plains-road
3630 White Plains Rd,Bronx,NY,10467,https://www.anytimemailbox.com/s/bronx-3630-white-plains-road
249 Smith St,Brooklyn,NY,11231,https://www.anytimemailbox.com/s/brooklyn-249-smith-street
631 4th Ave,Brooklyn,NY,11232,https://www.anytimemailbox.com/s/brooklyn-631-4th-ave
7811 5th Ave,Brooklyn,NY,11209,https://www.anytimemailbox.com/s/brooklyn-7811-5th-avenue
2935 W 5th St,Brooklyn,NY,11224,https://www.anytimemailbox.com/s/brooklyn-2935-w-5th-st
495 Henry St,Brooklyn,NY,11231,https://www.anytimemailbox.com/s/brooklyn-495a-henry-street
223 Bedford Ave,Brooklyn,NY,11211,https://www.anytimemailbox.com/s/brooklyn-223-bedford-avenue
540 Court St,Brooklyn,NY,11231,https://www.anytimemailbox.com/s/brooklyn-540-court-street
12448 Flatlands Ave,Brooklyn,NY,11239,https://www.anytimemailbox.com/s/brooklyn-12448-flatlands-avenue
3336 Fulton St,Brooklyn,NY,11208,https://www.anytimemailbox.com/s/brooklyn-3336-fulton-street
325 Gold St,Brooklyn,NY,11201,https://www.anytimemailbox.com/s/brooklyn-325-gold-st
442 Lorimer Street,Brooklyn,NY,11206,https://www.anytimemailbox.com/s/brooklyn-442-lorimer-street
1923 McDonald Ave,Brooklyn,NY,11223,https://www.anytimemailbox.com/s/brooklyn-1923-mcdonald-ave
4604 New Utrecht Ave,Brooklyn,NY,11219,https://www.anytimemailbox.com/s/brooklyn-4604-new-utrecht-ave
7214 New Utrecht Ave,Brooklyn,NY,11228,https://www.anytimemailbox.com/s/brooklyn-7214-new-utrecht-ave
285 Nostrand Ave,Brooklyn,NY,11216,https://www.anytimemailbox.com/s/brooklyn-285-nostrand-avenue
196 Utica Ave,Brooklyn,NY,11213,https://www.anytimemailbox.com/s/brooklyn-196-utica-avenue
238 Wilson Ave,Brooklyn,NY,11237,https://www.anytimemailbox.com/s/brooklyn-238-wilson-avenue
903 Montauk Hwy,Copiague,NY,11726,https://www.anytimemailbox.com/s/copiague-903-montauk-highway
138 Main St,East Rockaway,NY,11518,https://www.anytimemailbox.com/s/east-rockaway-138-main-street
248 Route 25A,East Setauket,NY,11733,https://www.anytimemailbox.com/s/east-setauket-248-route-25a
31 Covert Ave,Floral Park,NY,11001,https://www.anytimemailbox.com/s/floral-park-31-covert-avenue
315 Franklin Ave,Franklin Square,NY,11010,https://www.anytimemailbox.com/s/franklin-square-315-franklin-avenue
5 Brewster Street,Glen Cove,NY,11542,https://www.anytimemailbox.com/s/glen-cove-5-brewster-street
214B Glen Cove Ave,Glen Cove,NY,11542,https://www.anytimemailbox.com/s/glen-cove-214b-glen-cove-avenue
67-04 Myrtle Ave,Glendale,NY,11385,https://www.anytimemailbox.com/s/glendale-67-43-myrtle-ave
16 Middle Neck Rd,Great Neck,NY,11021,https://www.anytimemailbox.com/s/great-neck-15-cuttermill-road
5949 Camp Rd,Hamburg,NY,14075,https://www.anytimemailbox.com/s/hamburg-5949-camp-road
375 W Main St,Huntington,NY,11743,https://www.anytimemailbox.com/s/huntington-375-w-main-street
3979 Albany Post Road ste 2,Hyde Park,NY,12538,https://www.anytimemailbox.com/s/hyde-park-3979-albany-post-road
704 W Buffalo St,Ithaca,NY,14850,https://www.anytimemailbox.com/s/ithaca-704-w-buffalo-st
206A Dryden Rd,Ithaca,NY,14850,https://www.anytimemailbox.com/s/ithaca-206a-dryden-road
144-31 Jamaica Ave,Jamaica,NY,11435,https://www.anytimemailbox.com/s/jamaica-144-31-jamaica-ave
103 Townsend Ave,Johnstown,NY,12095,https://www.anytimemailbox.com/s/johnstown-103-townsend-avenue
21 Pulaski Road,Kings Park,NY,11754,https://www.anytimemailbox.com/s/kings-park-21-pulaski-road
8 N Front St,Kingston,NY,12401,https://www.anytimemailbox.com/s/kingston-8-n-front-street
1940 Palmer Ave,Larchmont,NY,10538,https://www.anytimemailbox.com/s/larchmont-1940-palmer-avenue
2005 Palmer Ave,Larchmont,NY,10538,https://www.anytimemailbox.com/s/larchmont-2005-palmer-avenue
248-25 Northern Blvd,Little Neck,NY,11362,https://www.anytimemailbox.com/s/little-neck-248-25-northern-blvd
3164 21st St,Long Island City,NY,11106,https://www.anytimemailbox.com/s/long-island-city-3164-21st-street
44-70 21st Street,Long Island City,NY,11101,https://www.anytimemailbox.com/s/long-island-city-44-70-21st-street
445 Broad Hollow Rd,Melville,NY,11747,https://www.anytimemailbox.com/s/melville-445-broad-hollow-road
22 E Main St,Middletown,NY,10940,https://www.anytimemailbox.com/s/middletown-22-e-main-street
279 Smithtown Blvd,Nesconset,NY,11767,https://www.anytimemailbox.com/s/nesconset-279-smithtown-blvd
3 E Evergreen Rd Suite 101,New City,NY,10956,https://www.anytimemailbox.com/s/new-city-3-e-evergreen-road
669 Main St,New Rochelle,NY,10801,https://www.anytimemailbox.com/s/new-rochelle-669-main-street
152 E 118th St,New York,NY,10001,https://www.anytimemailbox.com/s/new-york-152-e-118th-st
150 West 25th St,New York,NY,10001,https://www.anytimemailbox.com/s/new-york-150-west-25th-street
719 2nd Ave,New York,NY,10016,https://www.anytimemailbox.com/s/new-york-719-2nd-avenue
307 W 38th St,New York,NY,10018,https://www.anytimemailbox.com/s/new-york-353-west-38th-street
108 W 39th St,New York,NY,10018,https://www.anytimemailbox.com/s/new-york-108-w-39th-street
276 5th Avenue,New York,NY,10001,https://www.anytimemailbox.com/s/new-york-276-5th-avenue
1178 Broadway,New York,NY,10001,https://www.anytimemailbox.com/s/new-york-1178-broadway
2578 Broadway,New York,NY,10025,https://www.anytimemailbox.com/s/new-york-2578-broadway
42 Broadway,New York,NY,10004,https://www.anytimemailbox.com/s/new-york-42-broadway
447 Broadway,New York,NY,10013,https://www.anytimemailbox.com/s/new-york-447-broadway
459 Columbus Ave,New York,NY,10024,https://www.anytimemailbox.com/s/new-york-459-columbus-avenue
353 Lexington Avenue,New York,NY,10016,https://www.anytimemailbox.com/s/new-york-353-lexington-avenue
954 Lexington Ave,New York,NY,10021,https://www.anytimemailbox.com/s/new-york-954-lexington-avenue
45 Rockefeller Plaza,New York,NY,10111,https://www.anytimemailbox.com/s/new-york-rockefeller-center-45-rockefeller-plaza
2196 Third Ave,New York,NY,10035,https://www.anytimemailbox.com/s/new-york-2196-third-avenue
167 Madison Avenue,New York City,NY,10016,https://www.anytimemailbox.com/s/new-york-city-167-madison-avenue
1879 Whitehaven Road Ste 3,Grand Island,NY,14072,https://www.anytimemailbox.com/s/grand-island-1879-whitehaven-road
2914 Pine Ave,Niagara Falls,NY,14301,https://www.anytimemailbox.com/s/niagara-falls-2914-pine-avenue
83 S Ocean Ave,Patchogue,NY,11772,https://www.anytimemailbox.com/s/patchogue-83-s-ocean-ave
329 South Oyster Bay Road,Plainview,NY,11803,https://www.anytimemailbox.com/s/plainview-329-south-oyster-bay-road
191 Main Street,Port Washington,NY,11050,https://www.anytimemailbox.com/s/port-washington-191-main-street
825 Main St,Poughkeepsie,NY,12603,https://www.anytimemailbox.com/s/poughkeepsie-825-main-street
9560 Queens Blvd,Rego Park,NY,11374,https://www.anytimemailbox.com/s/rego-park-9560-queens-blvd
1029 Lyell Ave,Rochester,NY,14606,https://www.anytimemailbox.com/s/rochester-1029-lyell-avenue
528 Merrick Rd,Rockville Centre,NY,11570,https://www.anytimemailbox.com/s/rockville-centre-528-merrick-road
678 N Country Rd,Rocky Point,NY,11778,https://www.anytimemailbox.com/s/rocky-point-678-n-country-road
7 Rye Ridge Plaza,Rye Brook,NY,10573,https://www.anytimemailbox.com/s/rye-brook-7-rye-ridge-plaza
277 Middle Country Rd,Selden,NY,11784,https://www.anytimemailbox.com/s/selden-277-middle-country-road
400 Rella Blvd,Suffern,NY,10901,https://www.anytimemailbox.com/s/suffern-400-rella-blvd
405 RXR Plaza,Uniondale,NY,11556,https://www.anytimemailbox.com/s/uniondale-405-rxr-plaza
1926 Genesee St,Utica,NY,13501,https://www.anytimemailbox.com/s/utica-1926-genesee-street
