Street Address,City,State Abbreviation,Zip Code,Detail Url
839 E Market St,Akron,OH,44305,https://www.anytimemailbox.com/s/akron-839-e-market-street
46 Shopping Plaza,Chagrin Falls,OH,44022,https://www.anytimemailbox.com/s/chagrin-falls-46-plaza-drive
2345 Ashland Ave,Cincinnati,OH,45206,https://www.anytimemailbox.com/s/cincinnati-2345-ashland-avenue
6809 Main Street,Cincinnati,OH,45244,https://www.anytimemailbox.com/s/cincinnati-6809-main-street
17325 Euclid Ave #3146,Cleveland,OH,44112,https://www.anytimemailbox.com/s/cleveland-17325-euclid-avenue
15728 Lorain Ave,Cleveland,OH,44111,https://www.anytimemailbox.com/s/cleveland-15728-lorain-avenue
11201 Shaker Blvd,Cleveland,OH,44104,https://www.anytimemailbox.com/s/cleveland-11201-shaker-blvd
11811 Shaker Blvd,Cleveland,OH,44120,https://www.anytimemailbox.com/s/cleveland-11811-shaker-blvd
1917 S Taylor Road,Cleveland Heights,OH,44118,https://www.anytimemailbox.com/s/cleveland-heights-2000-lee-road
470 W Broad St,Columbus,OH,43215,https://www.anytimemailbox.com/s/columbus-470-w-broad-street
1985 W Henderson Road,Columbus,OH,43220,https://www.anytimemailbox.com/s/columbus-1985-w-henderson-road
1617 E Livingston Ave,Columbus,OH,43205,https://www.anytimemailbox.com/s/columbus-1617-e-livingston-ave
3296 Westerville Rd,Columbus,OH,43224,https://www.anytimemailbox.com/s/columbus-3296-westerville-road
1121 Worthington Woods Blvd,Columbus,OH,43085,https://www.anytimemailbox.com/s/columbus-1121-worthington-woods-blvd
7554 Fredle Dr,Concord Township,OH,44077,https://www.anytimemailbox.com/s/concord-township-7554-fredle-drive
38 W Franklin St,Dayton,OH,45459,https://www.anytimemailbox.com/s/dayton-38-w-franklin-street
825 N Houk Rd,Delaware,OH,43015,https://www.anytimemailbox.com/s/delaware-825-n-houk-road
6605 Longshore Street,Dublin,OH,43017-2774,https://www.anytimemailbox.com/s/dublin-6605-longshore-street
38513 Chestnut Ridge Rd,Elyria,OH,44035,https://www.anytimemailbox.com/s/elyria-38513-chestnut-ridge-road
25000 Euclid Ave,Euclid,OH,44117,https://www.anytimemailbox.com/s/euclid-25000-euclid-ave
5706 Turney Rd,Garfield Heights,OH,44125,https://www.anytimemailbox.com/s/garfield-heights-5706-turney-road
2606 Hilliard Rome Rd,Hilliard,OH,43026,https://www.anytimemailbox.com/s/hilliard-2606-hilliard-rome-road
8210 Macedonia Commons Blvd,Macedonia,OH,44056,https://www.anytimemailbox.com/s/macedonia-8210-macedonia-commons-blvd
308 Conant St,Maumee,OH,43537,https://www.anytimemailbox.com/s/maumee-308-conant-street
431 West Liberty,Medina,OH,44256,https://www.anytimemailbox.com/s/medina-431-w-liberty-street
100 Brooks Dr,Monroe,OH,45050,https://www.anytimemailbox.com/s/monroe-100-brooks-dr
7775 Walton Pkwy,New Albany,OH,43054,https://www.anytimemailbox.com/s/new-albany-7775-walton-parkway
213 S Chillicothe St,Plain City,OH,43064,https://www.anytimemailbox.com/s/plain-city-213-s-chillicothe-street
1929 Baltimore-Reynoldsburg Rd,Reynoldsburg,OH,43068,https://www.anytimemailbox.com/s/reynoldsburg-1929-baltimore-reynoldsburg-road
14616 Pearl Rd,Strongsville,OH,44136,https://www.anytimemailbox.com/s/strongsville-14616-pearl-road
140 E. Broadway Ave.,Tipp City,OH,45371,https://www.anytimemailbox.com/s/tipp-city-140-e-broadway-avenue
3939 Massillon Rd,Uniontown,OH,44685,https://www.anytimemailbox.com/s/uniontown-3939-massillon-rd
7385 State Rt 3,Westerville,OH,43082,https://www.anytimemailbox.com/s/westerville-7385-state-rt-3
201 E Liberty St,Wooster,OH,44691,https://www.anytimemailbox.com/s/wooster-201-e-liberty-street
4845 Market St,Youngstown,OH,44512,https://www.anytimemailbox.com/s/youngstown-5500-market-street
4496 Mahoning Ave,Youngstown,OH,44515,https://www.anytimemailbox.com/s/youngstown-4496-mahoning-avenue
