Street Address,City,State Abbreviation,Zip Code,Detail Url
1467 Siskiyou Blvd,Ashland,OR,97520,https://www.anytimemailbox.com/s/ashland-1467-siskiyou-blvd
2850 SW Cedar Hills Blvd,Beaverton,OR,97005,https://www.anytimemailbox.com/s/beaverton-2850-sw-cedar-hills-blvd
14845 SW Murray Scholls Dr,Beaverton,OR,97007,https://www.anytimemailbox.com/s/beaverton-14845-sw-murray-scholls-drive
1900 NE 3rd St,Bend,OR,97701,https://www.anytimemailbox.com/s/bend-1900-ne-3rd-street
70 SW Century Dr STE 100,Bend,OR,97702,https://www.anytimemailbox.com/s/bend-70-sw-century-dr
12042 SE Sunnyside Rd,Clackamas,OR,97015,https://www.anytimemailbox.com/s/clackamas-12042-se-sunnyside-road
1292 High St,Eugene,OR,97401,https://www.anytimemailbox.com/s/eugene-1292-high-street
4736 Royal Ave,Eugene,OR,97402,https://www.anytimemailbox.com/s/eugene-4736-royal-avenue
1711 Willamette Street,Eugene,OR,97401,https://www.anytimemailbox.com/s/eugene-1430-willamette-street
3095 HW 101 N,Gearhart,OR,97138,https://www.anytimemailbox.com/s/gearhart-3095-hw-101-n
45 82nd Dr,Gladstone,OR,97027,https://www.anytimemailbox.com/s/gladstone-45-82nd-drive
1051 NE 6th St,Grants Pass,OR,97526,https://www.anytimemailbox.com/s/grants-pass-1051-ne-6th-street
560 NE F St,Grants Pass,OR,97526,https://www.anytimemailbox.com/s/grants-pass-560-ne-f-street
13203 SE 172nd Ave,Happy Valley,OR,97086,https://www.anytimemailbox.com/s/happy-valley-13203-se-172nd-avenue
2149 Cascade Ave Ste 106A,Hood River,OR,97031,https://www.anytimemailbox.com/s/hood-river-2149-cascade-avenue
3 Monroe Pkwy,Lake Oswego,OR,97035,https://www.anytimemailbox.com/s/lake-oswego-3-monroe-pkwy
2640 E Barnett Rd,Medford,OR,97504,https://www.anytimemailbox.com/s/medford-2640-e-barnett-road
122 E Main St,Medford,OR,97501,https://www.anytimemailbox.com/s/medford-122-e-main-street
146 SE 1st St,Newport,OR,97365,https://www.anytimemailbox.com/s/newport-146-se-1st-street
2226 N Coast Hwy,Newport,OR,97365,https://www.anytimemailbox.com/s/newport-2226-n-coast-hwy
2670 Broadway Ave,North Bend,OR,97459,https://www.anytimemailbox.com/s/north-bend-2670-broadway-avenue
2000 NE 42nd Ave,Portland,OR,97213,https://www.anytimemailbox.com/s/portland-2000-ne-42nd-avenue
11918 SE Division Street,Portland,OR,97266,https://www.anytimemailbox.com/s/portland-11918-se-division-street
3439 SE Hawthorne Blvd,Portland,OR,97214,https://www.anytimemailbox.com/s/portland-3439-se-hawthorne-blvd
4230 SE King Rd,Portland,OR,97222,https://www.anytimemailbox.com/s/portland-4230-se-king-road
4784 N Lombard St,Portland,OR,97203,https://www.anytimemailbox.com/s/portland-4784-n-lombard-street
5331 S Macadam Ave,Portland,OR,97239,https://www.anytimemailbox.com/s/portland-5331-sw-macadam-avenue
10350 N Vancouver Way,Portland,OR,97217,https://www.anytimemailbox.com/s/portland-10350-n-vancouver-way
3055 NW Yeon Ave,Portland,OR,97210,https://www.anytimemailbox.com/s/portland-3055-nw-yeon-avenue
5729 Main St,Springfield,OR,97478,https://www.anytimemailbox.com/s/springfield-5729-main-street
11575 SW Pacific Hwy,Tigard,OR,97223,https://www.anytimemailbox.com/s/tigard-11575-sw-pacific-hwy
16200 SW Pacific Hwy,Tigard,OR,97224,https://www.anytimemailbox.com/s/tigard-16200-sw-pacific-highway
