Street Address,City,State Abbreviation,Zip Code,Detail Url
30 Plantation Park Dr,Bluffton,SC,29910,https://www.anytimemailbox.com/s/bluffton-30-plantation-park-drive
1750 Remount Rd,Charleston,SC,29406,https://www.anytimemailbox.com/s/charleston-1750-remount-road
652 Bush River Rd,Columbia,SC,29210,https://www.anytimemailbox.com/s/columbia-652-bush-river-road
1122 Lady St,Columbia,SC,29201,https://www.anytimemailbox.com/s/columbia-1122-lady-street
1901 Main St,Columbia,SC,29201,https://www.anytimemailbox.com/s/columbia-1901-main-street
6729 Two Notch Rd,Columbia,SC,29223,https://www.anytimemailbox.com/s/columbia-6729-two-notch-road
9153 Two Notch Rd,Columbia,SC,29223,https://www.anytimemailbox.com/s/columbia-9153-two-notch-road
1726 Gold Hill Rd,Fort Mill,SC,29708,https://www.anytimemailbox.com/s/fort-mill-1726-gold-hill-road
1646 W Hwy 160,Fort Mill,SC,29708,https://www.anytimemailbox.com/s/fort-mill-1646-west-hwy-160
3160 Hwy 21,Fort Mill,SC,29715,https://www.anytimemailbox.com/s/fort-mill-3160-hwy-21
2764 Pleasant Road Suite A,Fort Mill,SC,29708,https://www.anytimemailbox.com/s/fort-mill-2764-pleasant-road
1410 Highmarket St,Georgetown,SC,29440,https://www.anytimemailbox.com/s/georgetown-1410-highmarket-street
8595 Pelham Rd,Greenville,SC,29615,https://www.anytimemailbox.com/s/greenville-8595-pelham-road
3039 White Horse Rd,Greenville,SC,29611,https://www.anytimemailbox.com/s/greenville-3039-white-horse-rd
1309 W Poinsett St,Greer,SC,29650,https://www.anytimemailbox.com/s/greer-1309-w-poinsett-street
945 Lake Murray Blvd,Irmo,SC,29063,https://www.anytimemailbox.com/s/irmo-945-lake-murray-blvd
110 Joel St,Lake City,SC,29560,https://www.anytimemailbox.com/s/lake-city-110-joel-street
168 Hwy 274,Lake Wylie,SC,29710,https://www.anytimemailbox.com/s/lake-wylie-168-hwy-274
328 Hillcrest Dr,Laurens,SC,29360,https://www.anytimemailbox.com/s/laurens-328-hillcrest-drive
5175 Sunset Blvd,Lexington,SC,29072,https://www.anytimemailbox.com/s/lexington-5175-sunset-boulevard
955 E Main St,Lexington,SC,29072,https://www.anytimemailbox.com/s/lexington-955-e-main-street
4251 Main St,Loris,SC,29569,https://www.anytimemailbox.com/s/loris-4251-main-street
1985 Riviera Dr,Mount Pleasant,SC,29464,https://www.anytimemailbox.com/s/mount-pleasant-1985-riviera-drive
214 E McIntyre St,Mullins,SC,29574,https://www.anytimemailbox.com/s/mullins-214-e-mcintyre-street
3100 Dick Pond Rd,Myrtle Beach,SC,29588,https://www.anytimemailbox.com/s/myrtle-beach-3100-dick-pond-road
6514 Dick Pond Rd,Myrtle Beach,SC,29588,https://www.anytimemailbox.com/s/myrtle-beach-6514-dick-pond-rd
2251 Magnolia St,Orangeburg,SC,29115,https://www.anytimemailbox.com/s/orangeburg-2251-magnolia-street
115 Willbrook Blvd,Pawleys Island,SC,29585,https://www.anytimemailbox.com/s/pawleys-island-115-willbrook-blvd
2607 Woodruff Rd,Simpsonville,SC,29681,https://www.anytimemailbox.com/s/simpsonville-2607-woodruff-road
111 Fairview Pointe Dr,Simpsonville,SC,29681,https://www.anytimemailbox.com/s/simpsonville-111-fairview-pointe-drive
211 N Main St,Simpsonville,SC,29681,https://www.anytimemailbox.com/s/simpsonville-211-n-main-street
507 Front St,Summerville,SC,29486,https://www.anytimemailbox.com/s/summerville-507-front-street
2734 Beaver Run Blvd,Surfside Beach,SC,29575,https://www.anytimemailbox.com/s/surfside-beach-2734-beaver-run-blvd
1413 Hwy 17 S,Surfside Beach,SC,29575,https://www.anytimemailbox.com/s/surfside-beach-1413-hwy-17-s
