Street Address,City,State Abbreviation,Zip Code,Detail Url
5331 Mt View Rd,Antioch,TN,37013,https://www.anytimemailbox.com/s/antioch-5331-mt-view-road
11180 Hwy 51 S,Atoka,TN,38004,https://www.anytimemailbox.com/s/atoka-11180-hwy-51-s
6688 Nolensville Rd,Brentwood,TN,37027,https://www.anytimemailbox.com/s/brentwood-6688-nolensville-road
179 W Main St,Camden,TN,38320,https://www.anytimemailbox.com/s/camden-179-w-main-street
919 Tiny Town Rd,Clarksville,TN,37042,https://www.anytimemailbox.com/s/clarksville-919-tiny-town-road
2033 Fort Campbell Blvd,Clarksville,TN,37042,https://www.anytimemailbox.com/s/clarksville-2033-fort-campbell-blvd
4155 Rhea County Hwy,Dayton,TN,37321,https://www.anytimemailbox.com/s/dayton-4155-rhea-county-hwy
11519 Kingston Pike,Farragut,TN,37934,https://www.anytimemailbox.com/s/farragut-11519-kingston-pike
929 Winchester Hwy,Fayetteville,TN,37334,https://www.anytimemailbox.com/s/fayetteville-929-winchester-highway
5510 Old Hickory Blvd,Hermitage,TN,37076,https://www.anytimemailbox.com/s/hermitage-5510-old-hickory-blvd
8521 Hixson Pike,Hixson,TN,37343,https://www.anytimemailbox.com/s/hixson-8521-hixson-pike
4307 N Roan St,Johnson City,TN,37615,https://www.anytimemailbox.com/s/johnson-city-4307-n-roan-street
9111 Cross Park Dr,Knoxville,TN,37923,https://www.anytimemailbox.com/s/knoxville-9111-cross-park-drive
9234 Kingston Pike,Knoxville,TN,37922,https://www.anytimemailbox.com/s/knoxville-9234-kingston-pike
6001 Jackson Square Blvd,La Vergne,TN,37086,https://www.anytimemailbox.com/s/la-vergne-6001-jackson-square-blvd
1674 Delano Ave,Memphis,TN,38127,https://www.anytimemailbox.com/s/memphis-1674-delano-avenue
4466 Elvis Presley Blvd,Memphis,TN,38116,https://www.anytimemailbox.com/s/memphis-4466-elvis-presley-blvd
849 Jackson Ave,Memphis,TN,38107,https://www.anytimemailbox.com/s/memphis-849-jackson-ave
1707 Winchester Rd,Memphis,TN,38116,https://www.anytimemailbox.com/s/memphis-1707-winchester-road
2298 Young Ave,Memphis,TN,38104,https://www.anytimemailbox.com/s/memphis-2298-young-avenue
463 Crockett Trace Dr,Morristown,TN,37813,https://www.anytimemailbox.com/s/morristown-463-crockett-trace-dr
11205 Lebanon Road,Mt. Juliet,TN,37122,https://www.anytimemailbox.com/s/mt-juliet-11205-lebanon-road
651 S. Mt Juliet Rd,Mount Juliet,TN,37122,https://www.anytimemailbox.com/s/mount-juliet-651-s-mt-juliet-road
1483 N Mt Juliet Rd,Mt Juliet,TN,37122,https://www.anytimemailbox.com/s/mt-juliet-1483-n-mt-juliet-road
300 Pleasant Grove Rd,Mt Juliet,TN,37122,https://www.anytimemailbox.com/s/mt-juliet-300-pleasant-grove-road
4183 Franklin Rd,Murfreesboro,TN,37128,https://www.anytimemailbox.com/s/murfreesboro-4183-franklin-road
159 4th Ave N,Nashville,TN,37219,https://www.anytimemailbox.com/s/nashville-159-4th-ave-n
6339 Charlotte Pike,Nashville,TN,37209,https://www.anytimemailbox.com/s/nashville-6339-charlotte-pike
4235 Hillsboro Pike,Nashville,TN,37215,https://www.anytimemailbox.com/s/nashville-4235-hillsboro-pike
1161 Murfreesboro Pike,Nashville,TN,37217,https://www.anytimemailbox.com/s/nashville-1161-murfreesboro-pike
969 Oak Ridge Turnpike,Oak Ridge,TN,37830,https://www.anytimemailbox.com/s/oak-ridge-969-oak-ridge-turnpike
9515 Lee Hwy,Ooltewah,TN,37363,https://www.anytimemailbox.com/s/ooltewah-5032-ooltewah-ringgold-road
1658 Lee Victory Pkwy,Smyrna,TN,37167,https://www.anytimemailbox.com/s/smyrna-1658-lee-victory-parkway
124 Harrison Ln,Soddy Daisy,TN,37379,https://www.anytimemailbox.com/s/soddy-daisy-124-harrison-lane
