Street Address,City,State Abbreviation,Zip Code,Detail Url
2438 Industrial Blvd,Abilene,TX,79605,https://www.anytimemailbox.com/s/abilene-2438-industrial-blvd
3774 Belt Line Rd,Addison,TX,75001,https://www.anytimemailbox.com/s/addison-3774-belt-line-road
450 Century Parkway,Allen,TX,75013,https://www.anytimemailbox.com/s/allen-450-century-parkway
1314 W McDermott Dr,Allen,TX,75013,https://www.anytimemailbox.com/s/allen-1314-w-mcdermott-drive
28 Medical Dr,Amarillo,TX,79106,https://www.anytimemailbox.com/s/amarillo-28-medical-drive
1814 N Velasco St,Angleton,TX,77515,https://www.anytimemailbox.com/s/angleton-1814-n-velasco-street
2442 S Collins St,Arlington,TX,76014,https://www.anytimemailbox.com/s/arlington-2442-s-collins-street
1601 Lamar Blvd,Arlington,TX,76011,https://www.anytimemailbox.com/s/arlington-1601-lamar-blvd
4025 Woodland Park Blvd,Arlington,TX,76013,https://www.anytimemailbox.com/s/arlington-4025-woodland-park-blvd
9901 Brodie Lane,Austin,TX,78748,https://www.anytimemailbox.com/s/austin-9901-brodie-lane
3801 N Capital of Texas Hwy,Austin,TX,78746,https://www.anytimemailbox.com/s/austin-3801-n-capital-of-texas-hwy
3571 Far West Blvd,Austin,TX,78731,https://www.anytimemailbox.com/s/austin-3571-far-west-blvd
12856 N Highway 183,Austin,TX,78750,https://www.anytimemailbox.com/s/austin-12856-n-highway-183
6705 US-290,Austin,TX,78735,https://www.anytimemailbox.com/s/austin-6705-us-highway-290
305 E Huntland Dr,Austin,TX,78752,https://www.anytimemailbox.com/s/austin-305-e-huntland-drive
13359 N Highway 183,Austin,TX,78750,https://www.anytimemailbox.com/s/austin-13359-n-hwy-183
1401 Lavaca Street,Austin,TX,78701,https://www.anytimemailbox.com/s/austin-1401-lavaca-street
14205 N Mopac Expy,Austin,TX,78728,https://www.anytimemailbox.com/s/austin-14205-n-mopac-expy
5000 Plaza on the Lake,Austin,TX,78746,https://www.anytimemailbox.com/s/austin-5000-plaza-on-the-lake
10900 Research Blvd,Austin,TX,78759,https://www.anytimemailbox.com/s/austin-10900-research-blvd
6800 West Gate Blvd,Austin,TX,78745,https://www.anytimemailbox.com/s/austin-6800-west-gate-blvd
2650 FM 407 E,Bartonville,TX,76226,https://www.anytimemailbox.com/s/bartonville-2650-fm-407-e
2113 Harwood Rd,Bedford,TX,76021,https://www.anytimemailbox.com/s/bedford-2113-harwood-road
12600 Hill Country Blvd,Bee Cave,TX,78738,https://www.anytimemailbox.com/s/bee-cave-12600-hill-country-blvd
9463 Hwy 377,Benbrook,TX,76126,https://www.anytimemailbox.com/s/benbrook-9463-hwy-377
3708 E 29th St,Bryan,TX,77802,https://www.anytimemailbox.com/s/bryan-3708-e-29th-street
600 S Water St,Burnet,TX,78611,https://www.anytimemailbox.com/s/burnet-600-s-water-street
313 Main St,Canadian,TX,79014,https://www.anytimemailbox.com/s/canadain-313-main-street
1846 E Rosemeade Pkwy,Carrollton,TX,75007,https://www.anytimemailbox.com/s/carrollton-1846-e-rosemeade-pkwy
1320 Arrow Point Dr,Cedar Park,TX,78613,https://www.anytimemailbox.com/s/cedar-park-1320-arrow-point-drive
821 W New Hope Dr,Cedar Park,TX,78613,https://www.anytimemailbox.com/s/cedar-park-821-w-new-hope-dr
202 Walton Way,Cedar Park,TX,78613,https://www.anytimemailbox.com/s/cedar-park-202-walton-way
232 Brite Rd,Cibolo,TX,78108,https://www.anytimemailbox.com/s/cibolo-232-brite-road
1111 FM 1485,Conroe,TX,77301,https://www.anytimemailbox.com/s/conroe-1111-fm-1485
10160 Hwy 242,Conroe,TX,77385,https://www.anytimemailbox.com/s/conroe-10160-highway-242
817 S MacArthur Blvd,Coppell,TX,75019,https://www.anytimemailbox.com/s/coppell-817-s-macaurthur-blvd
6820 S Stemmons Fwy,Corinth,TX,76210,https://www.anytimemailbox.com/s/corinth-6820-s-stemmons-fwy
6537 S Staples St,Corpus Christi,TX,78413,https://www.anytimemailbox.com/s/corpus-christi-6537-s-staples-street
4315 W FM2147,Cottonwood Shores,TX,78657,https://www.anytimemailbox.com/s/cottonwood-shores-4315-w-fm2147
12320 Barker Cypress Rd,Cypress,TX,77429,https://www.anytimemailbox.com/s/cypress-12320-barker-cypress-road
8190 Barker Cypress Rd,Cypress,TX,77433,https://www.anytimemailbox.com/s/cypress-8190-barker-cypress-road
8102 Fry Rd,Cypress,TX,77433,https://www.anytimemailbox.com/s/cypress-8102-fry-road
11702 Grant Rd,Cypress,TX,77429,https://www.anytimemailbox.com/s/cypress-11702-grant-road
13121 Louetta Rd,Cypress,TX,77429,https://www.anytimemailbox.com/s/cypress-13121-louetta-road
15201 Mason Rd,Cypress,TX,77433,https://www.anytimemailbox.com/s/cypress-15201-mason-road
15210 Spring Cypress Rd,Cypress,TX,77429,https://www.anytimemailbox.com/s/cypress-15210-spring-cypress-rd
17505 Telge Rd,Cypress,TX,77429,https://www.anytimemailbox.com/s/cypress-17505-telge-road
110 N Akard St,Dallas,TX,75201,https://www.anytimemailbox.com/s/dallas-110-n-akard-street
2807 Allen St,Dallas,TX,75204,https://www.anytimemailbox.com/s/dallas-2807-allen-street
5301 Alpha Rd,Dallas,TX,75240,https://www.anytimemailbox.com/s/dallas-5301-alpha-road
5955 Alpha Rd,Dallas,TX,75240,https://www.anytimemailbox.com/s/dallas-5955-alpha-rd
3917 W Camp Wisdom Rd,Dallas,TX,75237,https://www.anytimemailbox.com/s/dallas-3917-w-camp-wisdom-road
7522 Campbell Rd,Dallas,TX,75248,https://www.anytimemailbox.com/s/dallas-7522-campbell-road
4131 N Central Expressway,Dallas,TX,75204,https://www.anytimemailbox.com/s/dallas-4131-n-central-expressway
6060 North Central Expressway,Dallas,TX,75206,https://www.anytimemailbox.com/s/dallas-6060-n-central-expressway
8080 N Central Expressway,Dallas,TX,75206,https://www.anytimemailbox.com/s/dallas-8080-north-central-expressway
701 Commerce St,Dallas,TX,75202,https://www.anytimemailbox.com/s/dallas-701-commerce-street
10820 Composite Dr,Dallas,TX,75220,https://www.anytimemailbox.com/s/dallas-10820-composite-drive
7777 Forest Ln,Dallas,TX,75230,https://www.anytimemailbox.com/s/dallas-7777-forest-ln
9041 Garland Rd,Dallas,TX,75218,https://www.anytimemailbox.com/s/dallas-9041-garland-road
5931 Greenville Ave,Dallas,TX,75206,https://www.anytimemailbox.com/s/dallas-5931-greenville-avenue
655 W Illinois Ave,Dallas,TX,75224,https://www.anytimemailbox.com/s/dallas-655-w-illinois-ave
11816 Inwood Rd,Dallas,TX,75244,https://www.anytimemailbox.com/s/dallas-11816-inwood-road
3010 LBJ Freeway,Dallas,TX,75234,https://www.anytimemailbox.com/s/dallas-3010-lbj-freeway
7701 Lemmon Ave,Dallas,TX,75209,https://www.anytimemailbox.com/s/dallas-7701-lemmon-avenue
3225 Martin Luther King Blvd,Dallas,TX,75210,https://www.anytimemailbox.com/s/dallas-3225-martin-luther-king-blvd
3839 McKinney Avenue,Dallas,TX,75204-1488,https://www.anytimemailbox.com/s/dallas-3839-mckinney-avenue
4101 McEwen RD,Dallas,TX,75244,https://www.anytimemailbox.com/s/dallas-13740-midway-roadway
6333 E Mockingbird Ln,Dallas,TX,75214,https://www.anytimemailbox.com/s/dallas-6333-e-mockingbird-lane
13155 Noel Road,Dallas,TX,75240,https://www.anytimemailbox.com/s/dallas-13155-noel-road
13355 Noel Road,Dallas,TX,75240,https://www.anytimemailbox.com/s/dallas-13355-noel-road
10228 E Northwest Hwy,Dallas,TX,75238,https://www.anytimemailbox.com/s/dallas-10228-east-northwest-hwy
1910 Pacific Ave,Dallas,TX,75201,https://www.anytimemailbox.com/s/dallas-1910-pacific-avenue
13101 Preston Road STE 110,Dallas,TX,75240,https://www.anytimemailbox.com/s/dallas-13101-preston-road
18484 Preston Rd,Dallas,TX,75252,https://www.anytimemailbox.com/s/dallas-18484-preston-road
9575 Scyene Rd,Dallas,TX,75227,https://www.anytimemailbox.com/s/dallas-9575-scyene-road
3406 Shorecrest Dr,Dallas,TX,75235,https://www.anytimemailbox.com/s/dallas-3406-shorecrest-drive
2231 Singleton Blvd,Dallas,TX,75212,https://www.anytimemailbox.com/s/dallas-2231-singleton-blvd
3115 Lillian Miller Pkwy,Denton,TX,76210,https://www.anytimemailbox.com/s/denton-3115-lillian-miller-parkway
1800 S Loop 288,Denton,TX,76205,https://www.anytimemailbox.com/s/denton-1800-s-loop-288
1670 N Hampton Rd,DeSoto,TX,75115,https://www.anytimemailbox.com/s/desoto-1670-n-hampton-road
18281 FM 150 W,Driftwood,TX,78619,https://www.anytimemailbox.com/s/driftwood-18281-fm-150-west
321 S Cedar Ridge Dr,Duncanville,TX,75116,https://www.anytimemailbox.com/s/duncanville-321-s-cedar-ridge-drive
214 S Main St,Duncanville,TX,75116,https://www.anytimemailbox.com/s/duncanville-214-s-main-street
3326 S Business Hwy 281,Edinburg,TX,78539,https://www.anytimemailbox.com/s/edinburg-3326-s-business-hwy-281
2330 E Freddy Gonzalez Dr,Edinburg,TX,78542,https://www.anytimemailbox.com/s/edinburg-2330-e-freddy-gonzalez-drive
7362 Remcon Cir,El Paso,TX,79912,https://www.anytimemailbox.com/s/el-paso-7362-remcon-circle
3590 N Zaragoza Road,El Paso,TX,79938,https://www.anytimemailbox.com/s/el-paso-3590-n-zaragoza-road
163 Town Pl,Fairview,TX,75069,https://www.anytimemailbox.com/s/fairview-163-town-place
604 State Hwy 78 N,Farmersville,TX,75442,https://www.anytimemailbox.com/s/farmersville-604-state-hwy-78-north
2450 Lakeside Pkwy,Flower Mound,TX,75022,https://www.anytimemailbox.com/s/flower-mound-2450-lakeside-pkwy
425 Pinson Rd STE M,Forney,TX,75126,https://www.anytimemailbox.com/s/forney-425-pinson-road
12650 N Beach St,Fort Worth,TX,76244,https://www.anytimemailbox.com/s/fort-worth-12650-n-beach-street
8101 Boat Club Rd,Fort Worth,TX,76179,https://www.anytimemailbox.com/s/fort-worth-8101-boat-club-road
4455 Camp Bowie Blvd,Fort Worth,TX,76107,https://www.anytimemailbox.com/s/fort-worth-4455-camp-bowie-blvd
6130 Bryant Irvin Rd,Fort Worth,TX,76132,https://www.anytimemailbox.com/s/fort-worth-6130-bryant-irvin-rd
3115 Erie St,Fort Worth,TX,76112,https://www.anytimemailbox.com/s/fort-worth-3115-erie-street
3000 S. Hulen Street,Fort Worth,TX,76109,https://www.anytimemailbox.com/s/fort-worth-3000-s-hulen-street
9500 Ray White Rd,Fort Worth,TX,76244,https://www.anytimemailbox.com/s/fort-worth-9500-ray-white-rd
2706 SE Loop 820,Fort Worth,TX,76140,https://www.anytimemailbox.com/s/fort-worth-2706-se-loop-820
640 Taylor St,Fort Worth,TX,76102,https://www.anytimemailbox.com/s/fort-worth-640-taylor-street
4364 Western Center Blvd,Fort Worth,TX,76137,https://www.anytimemailbox.com/s/fort-worth-4364-western-center-blvd
5570 FM 423,Frisco,TX,75036,https://www.anytimemailbox.com/s/frisco-5570-fm-423
1802 Pleasant Valley Rd,Garland,TX,75040,https://www.anytimemailbox.com/s/garland-1802-pleasant-valley-road
1530 Sun City Blvd,Georgetown,TX,78633,https://www.anytimemailbox.com/s/georgetown-1530-sun-city-blvd
307 W Pearl St,Granbury,TX,76048,https://www.anytimemailbox.com/s/granbury-307-w-pearl-st
2451 W Grapevine Mills Circle,Grapevine,TX,76051,https://www.anytimemailbox.com/s/grapevine-2451-w-grapevine-mills-circle
1785 State Hwy 26,Grapevine,TX,76051,https://www.anytimemailbox.com/s/grapevine-1785-state-hwy-26
2714 Washington St,Greenville,TX,75401,https://www.anytimemailbox.com/s/greenville-2714-washington-street
605 N Preston Rd,Gunter,TX,75058,https://www.anytimemailbox.com/s/gunter-605-n-preston-road
501 N Bridge St,Hidalgo,TX,78557,https://www.anytimemailbox.com/s/hidalgo-501-n-bridge-street
12436 FM 1960 Rd W,Houston,TX,77065,https://www.anytimemailbox.com/s/houston-12436-farm-to-market-1960-road-w
1305 W 11th St,Houston,TX,77008,https://www.anytimemailbox.com/s/houston-w-11th-street
1337 W 43rd St,Houston,TX,77018,https://www.anytimemailbox.com/s/houston-1337-west-43rd-street
8918 N Fwy,Houston,TX,77037,https://www.anytimemailbox.com/s/houston-8918-n-freeway
440 Benmar Dr,Houston,TX,77060,https://www.anytimemailbox.com/s/houston-440-benmar-drive
2726 Bissonnet St,Houston,TX,77005,https://www.anytimemailbox.com/s/houston-2726-bissonnet-street
2616 Briarhurst Dr,Houston,TX,77057,https://www.anytimemailbox.com/s/houston-2616-briarhurst-drive
4313 Cavalcade St,Houston,TX,77026,https://www.anytimemailbox.com/s/houston-4313-cavalcade-street
1880 S Dairy Ashford Rd,Houston,TX,77077,https://www.anytimemailbox.com/s/houston-1880-s-dairy-ashford-road
2470 S Dairy Ashford Rd,Houston,TX,77077,https://www.anytimemailbox.com/s/houston-2470-s-dairy-ashford-road
3840 S Dairy Ashford Rd,Houston,TX,77082,https://www.anytimemailbox.com/s/houston-3840-s-dairy-ashford-road
840 N Eldridge Pkwy,Houston,TX,77079,https://www.anytimemailbox.com/s/houston-840-n-eldridge-pkwy
3040 FM 1960 Rd E,Houston,TX,77073,https://www.anytimemailbox.com/s/houston-3040-farm-to-market-road-1960-e
3301 Fondren Rd,Houston,TX,77063,https://www.anytimemailbox.com/s/houston-3301-fondren-road
1940 Fountain View Dr,Houston,TX,77057,https://www.anytimemailbox.com/s/houston-1940-fountain-view-drive
2401 Fountain View Drive,Houston,TX,77057,https://www.anytimemailbox.com/s/houston-2401-fountain-view-drive
1942 W Gray St,Houston,TX,77019,https://www.anytimemailbox.com/s/houston-1942-w-gray-street
2404 Greenhouse Rd,Houston,TX,77084,https://www.anytimemailbox.com/s/houston-2404-greenhouse-road
24 Greenway Plaza,Houston,TX,77046,https://www.anytimemailbox.com/s/houston-24-greenway-plaza
6065 Hillcroft St,Houston,TX,77081,https://www.anytimemailbox.com/s/houston-6065-hillcroft-street
9639 Hillcroft St,Houston,TX,77096,https://www.anytimemailbox.com/s/houston-9639-hillcroft-street
3139 W Holcombe Blvd,Houston,TX,77025,https://www.anytimemailbox.com/s/houston-3139-w-holcombe-blvd
14150 Huffmeister Rd,Cypress,TX,77429,https://www.anytimemailbox.com/s/houston-11330-huffmeister-road
9337 Katy Fwy,Houston,TX,77024,https://www.anytimemailbox.com/s/houston-9337-katy-fwy
10245 Kempwood Dr,Houston,TX,77043,https://www.anytimemailbox.com/s/houston-10245-kempwood-drive
15380 Kuykendahl Rd,Houston,TX,77090,https://www.anytimemailbox.com/s/houston-15380-kuykendahl-road
12712 W Lake Houston Pkwy,Houston,TX,77044,https://www.anytimemailbox.com/s/houston-12712-w-lake-houston-pkwy
1000 Main St,Houston,TX,77002,https://www.anytimemailbox.com/s/houston-1000-main-street
12645 Memorial Dr,Houston,TX,77024,https://www.anytimemailbox.com/s/houston-12645-memorial-drive
957 Nasa Pkwy,Houston,TX,77058,https://www.anytimemailbox.com/s/houston-957-nasa-pkwy
14173 Northwest Fwy,Houston,TX,77040,https://www.anytimemailbox.com/s/houston-14173-northwest-freeway
7055 Old Katy Rd,Houston,TX,77024,https://www.anytimemailbox.com/s/houston-7055-old-katy-road
5144 E Sam Houston Pkwy N,Houston,TX,77015,https://www.anytimemailbox.com/s/houston-5144-e-sam-houston-pkwy-n
4212 San Felipe St,Houston,TX,77027,https://www.anytimemailbox.com/s/houston-4212-san-felipe-street
5161 San Felipe St,Houston,TX,77056,https://www.anytimemailbox.com/s/houston-5161-san-felipe-street
10904 Scarsdale Blvd,Houston,TX,77089,https://www.anytimemailbox.com/s/houston-10904-scarsdale-blvd
3120 Southwest Fwy,Houston,TX,77098,https://www.anytimemailbox.com/s/houston-3120-southwest-fwy
7324 Southwest Freeway,Houston,TX,77074,https://www.anytimemailbox.com/s/houston-7324-southwest-freeway
3403 West T C Jester Blvd,Houston,TX,77018,https://www.anytimemailbox.com/s/houston-3346-east-t-c-jester-blvd
6804 Highway 6 S,Houston,TX,77083,https://www.anytimemailbox.com/s/houston-6804-s-texas-6
134 Vintage Park Blvd,Houston,TX,77070,https://www.anytimemailbox.com/s/houston-134-vintage-park-blvd
5318 Weslayan St,Houston,TX,77005,https://www.anytimemailbox.com/s/houston-5318-weslayan-street
3707 Westcenter Dr,Houston,TX,77042,https://www.anytimemailbox.com/s/houston-3707-westcenter-drive
11807 Westheimer Rd,Houston,TX,77077,https://www.anytimemailbox.com/s/houston-11807-westheimer-road
3733 Westheimer Rd,Houston,TX,77027-5226,https://www.anytimemailbox.com/s/houston-3733-westheimer-road
6220 Westpark Dr,Houston,TX,77057,https://www.anytimemailbox.com/s/houston-6220-westpark-drive
"10780 Westview Dr,",Houston,TX,77043,https://www.anytimemailbox.com/s/houston-10780-westview-drive
3200 Wilcrest Dr,Houston,TX,77042,https://www.anytimemailbox.com/s/houston-3200-wilcrest-drive
712 Wilcrest Drive,Houston,TX,77042,https://www.anytimemailbox.com/s/houston-712-wilcrest-drive
4212 Woodhead St,Houston,TX,77098,https://www.anytimemailbox.com/s/houston-4212-woodhead-street
13531 Will Clayton Pkwy,Humble,TX,77346,https://www.anytimemailbox.com/s/humble-13531-will-clayton-pkwy
4830 Wilson Rd,Humble,TX,77396,https://www.anytimemailbox.com/s/humble-4830-wilson-road
729 Grapevine Hwy,Hurst,TX,76054,https://www.anytimemailbox.com/s/hurst-729-grapevine-hwy
811 W Pipeline Rd,Hurst,TX,76053,https://www.anytimemailbox.com/s/hurst-811-w-pipeline-road
1303 W Pipeline Rd,Hurst,TX,76053,https://www.anytimemailbox.com/s/hurst-1303-w-pipeline-road
143 Exchange Blvd,Hutto,TX,78634,https://www.anytimemailbox.com/s/hutto-143-exchange-blvd
391 Las Colinas Blvd E,Irving,TX,75039,https://www.anytimemailbox.com/s/irving-391-las-colinas-blvd-east
4020 N MacArthur Blvd,Irving,TX,75038,https://www.anytimemailbox.com/s/irving-4020-n-macarthur-blvd
801 N O'Connor Rd,Irving,TX,75061,https://www.anytimemailbox.com/s/irving-801-n-oconnor-road
18601 FM 1431,Jonestown,TX,78645,https://www.anytimemailbox.com/s/jonestown-18601-ranch-road-1431
5304 E 5th St,Katy,TX,77493,https://www.anytimemailbox.com/s/katy-5304-e-5th-st
23144 Cinco Ranch Blvd,Katy,TX,77494,https://www.anytimemailbox.com/s/katy-23144-cinco-ranch-blvd
19214 Clay Rd,Katy,TX,77449,https://www.anytimemailbox.com/s/katy-19214-clay-road
2750 FM 1463,Katy,TX,77494,https://www.anytimemailbox.com/s/katy-2750-fm-1463
6725 S Fry Rd,Katy,TX,77494,https://www.anytimemailbox.com/s/katy-6725-s-fry-road
1450 W Grand Pkwy S,Katy,TX,77494,https://www.anytimemailbox.com/s/katy-1450-w-grand-pkwy-s
21040 Highland Knolls Dr,Katy,TX,77450,https://www.anytimemailbox.com/s/katy-21040-highland-knolls-drive
24600 Katy Fwy,Katy,TX,77494-7819,https://www.anytimemailbox.com/s/katy-24600-katy-fwy
21803 Morton Rd,Katy,TX,77449,https://www.anytimemailbox.com/s/katy-21803-morton-road
25675 Nelson Way,Katy,TX,77494,https://www.anytimemailbox.com/s/katy-25675-nelson-way
5554 S Peek Road,Katy,TX,77450,https://www.anytimemailbox.com/s/katy-5554-s-peek-road
515 S Fry Rd,Katy,TX,77450,https://www.anytimemailbox.com/s/katy-515-s-fry-road
1708 Spring Green Blvd,Katy,TX,77494,https://www.anytimemailbox.com/s/katy-1708-spring-green-blvd
2340 Texas Heritage Pkwy,Katy,TX,77494,https://www.anytimemailbox.com/s/katy-2340-texas-heritage-pkwy
25807 Westheimer Pkwy,Katy,TX,77494,https://www.anytimemailbox.com/s/katy-25807-westheimer-pkwy
2041 Rufe Snow Dr,Keller,TX,76248,https://www.anytimemailbox.com/s/keller-2041-rufe-snow-dr
634 E King Ave,Kingsville,TX,78363,https://www.anytimemailbox.com/s/kingsville-634-e-king-avenue
4321 Kingwood Dr,Kingwood,TX,77339,https://www.anytimemailbox.com/s/kingwood-4321-kingwood-drive
2261 Northpark Drive,Kingwood,TX,77339,https://www.anytimemailbox.com/s/kingwood-2261-northpark-drive
4620 US Hwy 377,Krugerville,TX,76227,https://www.anytimemailbox.com/s/krugerville-4620-us-highway-377
209 S Shady Shores Dr,Lake Dallas,TX,75065,https://www.anytimemailbox.com/s/lake-dallas-209-s-shady-shores-drive
2303 Ranch Road 620 S,Lakeway,TX,78734,https://www.anytimemailbox.com/s/lakeway-2303-ranch-road-620-south
511 E John Carpenter Freeway,Las Colinas,TX,75062,https://www.anytimemailbox.com/s/las-colinas-511-e-john-carpenter-freeway
2640 E League City Pkwy,League City,TX,77573,https://www.anytimemailbox.com/s/league-city-2640-e-league-city-pkwy
6011 W Main St,League City,TX,77573,https://www.anytimemailbox.com/s/league-city-6011-w-main-street
651 N. Highway 183,Leander,TX,78641,https://www.anytimemailbox.com/s/leander-651-n-us-183
2560 King Arthur Blvd,Lewisville,TX,75056,https://www.anytimemailbox.com/s/lewisville-2560-king-arthur-blvd
2701 Little Elm Pkwy Ste 100,Little Elm,TX,75068,https://www.anytimemailbox.com/s/little-elm-2701-little-elm-pkwy
12702 Toepperwein Rd,Live Oak,TX,78233,https://www.anytimemailbox.com/s/live-oak-12702-toepperwein-road
2810 US Hwy 190 W,Livingston,TX,77351,https://www.anytimemailbox.com/s/livingston-2810-us-hwy-190-west
108 W Ollie St,Llano,TX,78643,https://www.anytimemailbox.com/s/llano-108-w-ollie-street
2309 Gilmer Rd,Longview,TX,75604,https://www.anytimemailbox.com/s/longview-2309-gilmer-road
4414 82nd St,Lubbock,TX,79424,https://www.anytimemailbox.com/s/lubbock-4414-82nd-street
6819 82nd St,Lubbock,TX,79424,https://www.anytimemailbox.com/s/lubbock-6819-82nd-street
156 S Main St,Lumberton,TX,77657,https://www.anytimemailbox.com/s/lumberton-95b-w-chance-road
11300 Old San Antonio Rd,Manchaca,TX,78652,https://www.anytimemailbox.com/s/manchaca-11300-old-san-antonio-road
1301 E Debbie Ln,Mansfield,TX,76063,https://www.anytimemailbox.com/s/mansfield-1301-e-debbie-lane
1724 E Broad St,Mansfield,TX,76063,https://www.anytimemailbox.com/s/mansfield-1724-e-broad-street
1671 E Broad St,Mansfield,TX,76063,https://www.anytimemailbox.com/s/mansfield-1671-e-broad-street
5208 N 10th St,McAllen,TX,78504,https://www.anytimemailbox.com/s/mcallen-4121-n-10th-street
5121 N McColl Rd,McAllen,TX,78504,https://www.anytimemailbox.com/s/mcallen-5121-n-mccoll-road
5121 Collin Mckinney Pkwy,Mckinney,TX,75070,https://www.anytimemailbox.com/s/mckinney-5121-collin-mckinney-pkwy
6150 Eldorado Pkwy,Mckinney,TX,75070,https://www.anytimemailbox.com/s/mckinney-6150-eldorado-pkwy
3001 S Hardin Blvd,McKinney,TX,75070,https://www.anytimemailbox.com/s/mckinney-3001-s-hardin-blvd
6675 S Custer Rd,Mckinney,TX,75070,https://www.anytimemailbox.com/s/mckinney-6675-s-custer-rd
7300 State Hwy 121,Mckinney,TX,75070,https://www.anytimemailbox.com/s/mckinney-7300-state-hwy-121
3218 Fannin Rd,Melissa,TX,75454,https://www.anytimemailbox.com/s/melissa-3218-fannin-road
15330 LBJ Fwy,Mesquite,TX,75150,https://www.anytimemailbox.com/s/mesquite-15330-lbj-fwy
2240 FM 1092 Rd,Missouri City,TX,77459,https://www.anytimemailbox.com/s/missouri-city-2240-fm-1092-road
6140 Hwy 6,Missouri City,TX,77459,https://www.anytimemailbox.com/s/missouri-city-6140-hwy-6
10330 Hwy 6,Missouri City,TX,77459,https://www.anytimemailbox.com/s/missouri-city-10330-hwy-6
5205 Broadway,Pearland,TX,77581,https://www.anytimemailbox.com/s/pearland-5205-broadway
1853 Pearland Pkwy,Pearland,TX,77581,https://www.anytimemailbox.com/s/pearland-1853-pearland-pkwy
2100 14th St,Plano,TX,75074,https://www.anytimemailbox.com/s/plano-2100-14th-street
2701 W 15th St,Plano,TX,75075,https://www.anytimemailbox.com/s/plano-2701-w-15th-street
7801 Alma Dr,Plano,TX,75025,https://www.anytimemailbox.com/s/plano-7801-alma-drive
3000 Custer Road,Plano,TX,75075,https://www.anytimemailbox.com/s/plano-3000-custer-road
6009 W. Parker Rd,Plano,TX,75093,https://www.anytimemailbox.com/s/plano-6009-w-parker-road
6275 W Plano Pkwy,Plano,TX,75093,https://www.anytimemailbox.com/s/plano-6275-w-plano-parkway
909 W Spring Creek Pkwy,Plano,TX,75023,https://www.anytimemailbox.com/s/plano-909-w-spring-creek-pkwy
5700 Tennyson Pkwy,Plano,TX,75024,https://www.anytimemailbox.com/s/plano-5700-tennyson-parkway
1023 State Hwy 361,Port Aransas,TX,78373,https://www.anytimemailbox.com/s/port-aransas-1023-state-hwy-361
109 Yorkshire Dr,Princeton,TX,75407,https://www.anytimemailbox.com/s/princeton-109-yorkshire-drive
1318 E Belt Line Rd,Richardson,TX,75081,https://www.anytimemailbox.com/s/richardson-1318-e-belt-line-road
508 West Lookout Dr,Richardson,TX,75080,https://www.anytimemailbox.com/s/richardson-508-west-lookout-drive
1270 Crabb River Rd,Richmond,TX,77469,https://www.anytimemailbox.com/s/richmond-1270-crabb-river-road
9115 FM 723 Rd,Richmond,TX,77406,https://www.anytimemailbox.com/s/richmond-9115-fm-723-road
8710 Grand Mission Blvd,Richmond,TX,77407,https://www.anytimemailbox.com/s/richmond-8710-grand-mission-blvd
2701 Avenue H,Rosenberg,TX,77471,https://www.anytimemailbox.com/s/rosenberg-2701-avenue-h
3233 Meridiana Pkwy,Rosharon,TX,77583,https://www.anytimemailbox.com/s/rosharon-3233-meridiana-parkway
1000 Heritage Center Circle,Round Rock,TX,78664,https://www.anytimemailbox.com/s/round-rock-1000-heritage-center-circle
110 N IH 35,Round Rock,TX,78681,https://www.anytimemailbox.com/s/round-rock-110-n-ih-35
3526 Lakeview Pkwy,Rowlett,TX,75088,https://www.anytimemailbox.com/s/rowlett-3526-lakeview-parkway
598 W Interstate 30,Royse City,TX,75189,https://www.anytimemailbox.com/s/royse-city-598-w-interstate-30
108 South Main St,Rusk,TX,75785,https://www.anytimemailbox.com/s/rusk-108-south-main-street
1846 N Loop 1604 W,San Antonio,TX,78248,https://www.anytimemailbox.com/s/san-antonio-1846-n-loop-1604-w
13423 Blanco Rd,San Antonio,TX,78216,https://www.anytimemailbox.com/s/san-antonio-13423-blanco-road
19179 Blanco Rd,San Antonio,TX,78258,https://www.anytimemailbox.com/s/san-antonio-19179-blanco-road
7700 Broadway,San Antonio,TX,78209,https://www.anytimemailbox.com/s/san-antonio-7700-broadway
2186 Jackson Keller Rd,San Antonio,TX,78213,https://www.anytimemailbox.com/s/san-antonio-2186-jackson-keller-road
9110 N Loop 1604 W,San Antonio,TX,78249,https://www.anytimemailbox.com/s/san-antonio-9110-north-loop-1604-west
500 Navarro St,San Antonio,TX,78205,https://www.anytimemailbox.com/s/san-antonio-500-navarro-street
12370 Potranco Rd,San Antonio,TX,78253,https://www.anytimemailbox.com/s/san-antonio-12370-potranco-road
20711 Wilderness Oak,San Antonio,TX,78258,https://www.anytimemailbox.com/s/san-antonio-20711-wilderness-oak
1101 Thorpe Lane,San Marcos,TX,78666,https://www.anytimemailbox.com/s/san-marcos-1101-thorpe-lane
102 Wonder World Dr,San Marcos,TX,78666,https://www.anytimemailbox.com/s/san-marcos-102-wonder-world-drive
1560 E Southlake Blvd,Southlake,TX,76092,https://www.anytimemailbox.com/s/southlake-1560-e-southlake-blvd
15814 Champion Forest Dr,Spring,TX,77379,https://www.anytimemailbox.com/s/spring-15814-champion-forest-drive
4732 FM 2920,Spring,TX,77388,https://www.anytimemailbox.com/s/spring-4732-fm-2920
18482 Kuykendahl Rd,Spring,TX,77379,https://www.anytimemailbox.com/s/spring-18482-kuykendahl-road
18553 Kuykendahl Rd,Spring,TX,77379,https://www.anytimemailbox.com/s/spring-18553-kuykendahl-road
395 Sawdust Rd,Spring,TX,77380,https://www.anytimemailbox.com/s/spring-395-sawdust-road
6710 Spring Stuebner Rd,Spring,TX,77389,https://www.anytimemailbox.com/s/spring-6710-spring-stuebner-road
5667 Treaschwig Rd,Spring,TX,77373,https://www.anytimemailbox.com/s/spring-5667-treaschwig-road
13500 W Airport Blvd,Sugar Land,TX,77498-6319,https://www.anytimemailbox.com/s/sugar-land-13500-w-airport-blvd
11645 S Highway 6,Sugar Land,TX,77498,https://www.anytimemailbox.com/s/sugar-land-11645-s-highway-6
5826 New Territory Blvd.,Sugar Land,TX,77479,https://www.anytimemailbox.com/s/sugar-land-5826-new-territory-blvd
77 Sugar Creek Center Blvd,Sugar Land,TX,77478,https://www.anytimemailbox.com/s/sugar-land-77-sugar-creek-center-blvd
15500 Voss Road,Sugar Land,TX,77498,https://www.anytimemailbox.com/s/sugar-land-15500-voss-road
305 N. Main,Taylor,TX,76574,https://www.anytimemailbox.com/s/taylor-305-n-main-street
2119 Airport Rd,Temple,TX,76504,https://www.anytimemailbox.com/s/temple-2119--airport-road
6805 Main St,The Colony,TX,75056,https://www.anytimemailbox.com/s/the-colony-6805-main-street
7901 Research Forest Dr,The Woodlands,TX,77382,https://www.anytimemailbox.com/s/the-woodlands-7901-research-forest-drive
2001 Timberloch Place,The Woodlands,TX,77380,https://www.anytimemailbox.com/s/the-woodlands-2001-temberloch-place
16949 N Eldridge Pkwy,Tomball,TX,77377,https://www.anytimemailbox.com/s/tomball-16949-n-eldridge-pkwy
11425 Hufsmith Kuykendahl Rd,Tomball,TX,77375,https://www.anytimemailbox.com/s/tomball-11425-hufsmith-kuykendahl-road
25420 Kuykendahl Rd Ste B300,Tomball,TX,77375,https://www.anytimemailbox.com/s/tomball-25420-kuykendahl-road
619 W Main St,Tomball,TX,77375,https://www.anytimemailbox.com/s/tomball-619-west-main-street
27708 Tomball Pkwy,Tomball,TX,77375,https://www.anytimemailbox.com/s/tomball-27708-tomball-pkwy
1400 W Southwest Loop 323,Tyler,TX,75701,https://www.anytimemailbox.com/s/tyler-1400-w-southwest-loop-323
4097 US Hwy 271,Tyler,TX,75708,https://www.anytimemailbox.com/s/tyler-4097-us-hwy-271
508 Pat Booker Rd,Universal City,TX,78148,https://www.anytimemailbox.com/s/universal-city-508-pat-booker-road
7215 Bosque Blvd.,Waco,TX,76710,https://www.anytimemailbox.com/s/waco-7215-bosque-blvd
6245 Rufe Snow Drive,Fort Worth,TX,76148,https://www.anytimemailbox.com/s/watauga-6245-rufe-snow-drive
502 N Main Street,Weatherford,TX,76086,https://www.anytimemailbox.com/s/weatherford-502-n-main-street
3118 FM 528 Rd,Webster,TX,77598,https://www.anytimemailbox.com/s/webster-3118-fm-528-road
1716 9th St,Wichita Falls,TX,76301,https://www.anytimemailbox.com/s/wichita-falls-1716-9th-street
902 Broad St,Wichita Falls,TX,76301,https://www.anytimemailbox.com/s/wichita-falls-902-broad-street
14132 FM 1097 RD W,Willis,TX,77318,https://www.anytimemailbox.com/s/willis-14132-fm-1097-road-w
