Street Address,City,State Abbreviation,Zip Code,Detail Url
138 E 12300 S,Draper,UT,84020,https://www.anytimemailbox.com/s/draper-138-e-12300-s
6211 S Highland Dr,Holladay,UT,84121,https://www.anytimemailbox.com/s/holladay-6211-s-highland-drive
1706 N 1200 W,Layton,UT,84041,https://www.anytimemailbox.com/s/layton-1706-n-1200-w
517 N 2000 W,Marriott-Slaterville,UT,84404,https://www.anytimemailbox.com/s/marriott-slaterville-517-n-2000-w
3556 S 5600 W,Salt Lake City,UT,84120,https://www.anytimemailbox.com/s/salt-lake-city-3556-s-5600-w
826 Expressway Ln,Spanish Fork,UT,84660,https://www.anytimemailbox.com/s/spanish-fork-826-expressway-lane
2505 S River Rd,St George,UT,84790,https://www.anytimemailbox.com/s/st-george-2505-s-river-road
875 W Red Cliffs Dr,Washington,UT,84780,https://www.anytimemailbox.com/s/washington-875-w-red-cliffs-drive
8977 S 1300 W,West Jordan,UT,84088,https://www.anytimemailbox.com/s/west-jordan-8977-s-1300-west
2943 Parkway Blvd,West Valley,UT,84119,https://www.anytimemailbox.com/s/west-valley-2943-parkway-blvd
