Street Address,City,State Abbreviation,Zip Code,Detail Url
1520 Belle View Blvd,Alexandria,VA,22307,https://www.anytimemailbox.com/s/alexandria-1602-belle-view-blvd
950 N Washington St,Alexandria,VA,22314,https://www.anytimemailbox.com/s/alexandria-950-n-washington-street
44679 Endicott Dr,Ashburn,VA,20147,https://www.anytimemailbox.com/s/ashburn-44679-endicott-drive
42841 Creek View Plaza,Ashburn,VA,20147,https://www.anytimemailbox.com/s/ashburn-42841-creek-view-plaza
705 S College Ave,Bluefield,VA,24605,https://www.anytimemailbox.com/s/bluefield-705-s-college-ave
10302 Bristow Center Dr,Bristow,VA,20136,https://www.anytimemailbox.com/s/bristow-10302-bristow-center-drive
13950 US 50 W,Chantilly,VA,20151,https://www.anytimemailbox.com/s/chantilly-13950-us-50-w
429 Meadowbrook Shopping Center,Culpeper,VA,22701,https://www.anytimemailbox.com/s/culpeper-429-meadowbrook-shopping-center
11166 Fairfax Blvd,Fairfax,VA,22030,https://www.anytimemailbox.com/s/fairfax-11166-fairfax-blvd
3060 Williams Dr,Fairfax,VA,22031,https://www.anytimemailbox.com/s/fairfax-3060-williams-drive
11357 Nuckols Rd,Glen Allen,VA,23059,https://www.anytimemailbox.com/s/glen-allen-11357-nuckols-rd
585 Grove St,Herndon,VA,20170,https://www.anytimemailbox.com/s/herndon-585-grove-street
449 E Nelson St,Lexington,VA,24450,https://www.anytimemailbox.com/s/lexington-449-e-nelson-street
21 North Broad Street,Luray,VA,22835,https://www.anytimemailbox.com/s/luray-21-north-broad-street
1390 Chain Bridge Road,McLean,VA,22101,https://www.anytimemailbox.com/s/mclean-1390-chain-bridge-road
7918 Jones Branch Dr,McLean,VA,22102,https://www.anytimemailbox.com/s/mclean-7918-jones-branch-drive
8115 Judith Ln,Mechanicsville,VA,23116,https://www.anytimemailbox.com/s/mechanicsville-8115-judith-ln
13926 Hull Street Rd,Midlothian,VA,23112,https://www.anytimemailbox.com/s/midlothian-13926-hull-street-road
7181 Cress Ct,New Kent,VA,23124,https://www.anytimemailbox.com/s/new-kent-7181-cress-ct
8001 Forbes Place Ste 211,North Springfield,VA,22151,https://www.anytimemailbox.com/s/north-springfield-8001-forbes-place
609 E Main St,Purcellville,VA,20132,https://www.anytimemailbox.com/s/purcellville-609-e-main-street
11 S 12th St,Richmond,VA,23219,https://www.anytimemailbox.com/s/richmond-11-s-12th-street
6841 Forest Hill Ave,Richmond,VA,23225,https://www.anytimemailbox.com/s/richmond-6841-forest-hill-avenue
18 S Thompson St,Richmond,VA,23221,https://www.anytimemailbox.com/s/richmond-18-s-thompson-street
3214 Electric Rd,Roanoke,VA,24018,https://www.anytimemailbox.com/s/roanoke-3214-electric-road
115 Roanoke Blvd,Salem,VA,24153,https://www.anytimemailbox.com/s/salem-115-roanoke-blvd
10408 Courthouse Rd,Spotsylvania,VA,22553,https://www.anytimemailbox.com/s/spotsylvania-10408-courthouse-road
46950 Community Plza,Sterling,VA,20164,https://www.anytimemailbox.com/s/sterling-46950-community-plza
42020 Village Center Plaza,Stone Ridge,VA,20105,https://www.anytimemailbox.com/s/stone-ridge-42020-village-center-plaza
278 Cedar Ln SE,Vienna,VA,22180,https://www.anytimemailbox.com/s/vienna-278-cedar-lane-se
5300 Kempsriver Dr,Virginia Beach,VA,23464,https://www.anytimemailbox.com/s/virginia-beach-5300-kempsriver-drive
1832 Kempsville Rd,Virginia Beach,VA,23464,https://www.anytimemailbox.com/s/virginia-beach-1832-kempsville-road
3419 Virginia Beach Blvd,Virginia Beach,VA,23452,https://www.anytimemailbox.com/s/virginia-beach-3419-virginia-beach-blvd
800 East Main St,Wytheville,VA,24382,https://www.anytimemailbox.com/s/wytheville-800-east-main-street
