Street Address,City,State Abbreviation,Zip Code,Detail Url
1915 140th Ave NE,Bellevue,WA,98005,https://www.anytimemailbox.com/s/bellevue-1915-140th-ave-ne
424 W Bakerview Rd,Bellingham,WA,98226,https://www.anytimemailbox.com/s/bellingham-424-w-bakerview-road
1780 Iowa St,Bellingham,WA,98229,https://www.anytimemailbox.com/s/bellingham-1780-iowa-street
4202 Meridian St,Bellingham,WA,98226,https://www.anytimemailbox.com/s/bellingham-4202-meridian-street
3850 Kitsap Wy,Bremerton,WA,98312,https://www.anytimemailbox.com/s/bremerton-3850-kitsap-way
1121 Harrison Ave,Centralia,WA,98531,https://www.anytimemailbox.com/s/centralia-1121-harrison-avenue
1673 S. Market Blvd,Chehalis,WA,98532,https://www.anytimemailbox.com/s/chehalis-1673-s-market-blvd
16915 SE 272nd St,Covington,WA,98042,https://www.anytimemailbox.com/s/covington-16915-se-272nd-street
1600-B SW Dash Point Rd,Federal Way,WA,98023,https://www.anytimemailbox.com/s/federal-way-1600-b-sw-dash-point-road
1420 NW Gilman Blvd,Issaquah,WA,98027,https://www.anytimemailbox.com/s/issaquah-1420-nw-gilman-blvd
10803 SE Kent-Kangly Rd,Kent,WA,98030,https://www.anytimemailbox.com/s/kent-10803-se-kent-kangly-road
4570 Avery Lane SE,Lacey,WA,98503,https://www.anytimemailbox.com/s/lacey-4570-avery-lane-se
731 WA-9,Lake Stevens,WA,98258,https://www.anytimemailbox.com/s/lake-stevens-731-wa-highway-9
23505 E Appleway,Liberty Lake,WA,99019,https://www.anytimemailbox.com/s/liberty-lake-23505-e-appleway
4320 196th St SW,Lynnwood,WA,98036,https://www.anytimemailbox.com/s/lynnwood-4320-196th-street-sw
1242 State Ave,Marysville,WA,98270,https://www.anytimemailbox.com/s/marysville-1242-state-avenue
13300 Bothell Everett Hwy,Mill Creek,WA,98012,https://www.anytimemailbox.com/s/mill-creek-13300-bothell-everett-hwy
15117 Main St,Mill Creek,WA,98012,https://www.anytimemailbox.com/s/mill-creek-15117-main-street
11601 Harbour Pointe Blvd,Mukilteo,WA,98275,https://www.anytimemailbox.com/s/mukilteo-11601-harbour-pointe-blvd
11700 Mukilteo Speedway,Mukilteo,WA,98275,https://www.anytimemailbox.com/s/mukilteo-11700-mukilteo-speedway
5614 176th St E,Puyallup,WA,98375,https://www.anytimemailbox.com/s/puyallup-5614-176th-st-east
704 228th Ave NE,Sammamish,WA,98074,https://www.anytimemailbox.com/s/sammamish-704-228th-avenue-ne
3020 Issaquah Pine Lake Rd SE,Sammamish,WA,98075,https://www.anytimemailbox.com/s/sammamish-3020-issaquah-pine-lake-rd-se
600 1st Ave,Seattle,WA,98104,https://www.anytimemailbox.com/s/seattle-600-1st-avenue
600 1st Ave,Seattle,WA,98104,https://www.anytimemailbox.com/s/seattle-600-1st-ave
2226 Eastlake Ave E,Seattle,WA,98102,https://www.anytimemailbox.com/s/seattle-2226-eastlake-avenue-e
7511 Greenwood Ave North,Seattle,WA,98103,https://www.anytimemailbox.com/s/seattle-7511-greenwood-avenue-north
12345 Lake City Way NE,Seattle,WA,98125,https://www.anytimemailbox.com/s/seattle-12345-lake-city-way-ne
300 Lenora Street,Seattle,WA,98121,https://www.anytimemailbox.com/s/seattle-300-lenora-street
2442 NW Market St,Seattle,WA,98107,https://www.anytimemailbox.com/s/seattle-2442-nw-market-street
6727 Martin Luther King Jr Way S,Seattle,WA,98118,https://www.anytimemailbox.com/s/seattle-6727-martin-luther-king-jr-way-s
1916 Pike Place Ste 12,Seattle,WA,98101,https://www.anytimemailbox.com/s/seattle-1916-pike-place
4730 University Way NE,Seattle,WA,98105,https://www.anytimemailbox.com/s/seattle-4739-university-way-ne
2801 Bickford Ave,Snohomish,WA,98290,https://www.anytimemailbox.com/s/snohomish-2801-bickford-avenue
22219 Mountain Hwy E,Spanaway,WA,98387,https://www.anytimemailbox.com/s/spanaway-22219-mountain-hwy-east
10208 N Division St,Spokane,WA,99218,https://www.anytimemailbox.com/s/spokane-10208-n-division-street
12128 N Division St,Spokane,WA,99218,https://www.anytimemailbox.com/s/spokane-12128-n-division-street
2225 W Wellesley Ave,Spokane,WA,99205,https://www.anytimemailbox.com/s/spokane-2225-w-wellesley-avenue
1712 6th Ave,Tacoma,WA,98405,https://www.anytimemailbox.com/s/tacoma-1712-6th-ave
2512 E Evergreen Blvd,Vancouver,WA,98661,https://www.anytimemailbox.com/s/vancouver-2512-e-evergreen-blvd
15640 NE Fourth Plain Blvd,Vancouver,WA,98682,https://www.anytimemailbox.com/s/vancouver-15640-ne-fourth-plain-blvd
13023 NE Hwy 99,Vancouver,WA,98686,https://www.anytimemailbox.com/s/vancouver-13023-ne-hwy-99
7720 NE Hwy 99,Vancouver,WA,98665,https://www.anytimemailbox.com/s/vancouver-7720-ne-hwy-99
13215 SE Mill Plain Blvd,Vancouver,WA,98684,https://www.anytimemailbox.com/s/vancouver-13215-se-mill-plain-blvd
13110 NE 177th Pl,Woodinville,WA,98072,https://www.anytimemailbox.com/s/woodinville-13110-ne-177th-place
