Street Address,City,State Abbreviation,Zip Code,Detail Url
1835 E Edgewood Dr,Appleton,WI,54913,https://www.anytimemailbox.com/s/appleton-1835-e-edgewood-drive
830 State Road 136,Baraboo,WI,53913,https://www.anytimemailbox.com/s/baraboo-830-state-road-136
333 W Brown Deer Rd,Bayside,WI,53217,https://www.anytimemailbox.com/s/bayside-333-w-brown-deer-road
2809 E Hamilton Ave,Eau Claire,WI,54701,https://www.anytimemailbox.com/s/eau-claire-2809-e-hamilton-ave
7127 S 76th St,Franklin,WI,53132,https://www.anytimemailbox.com/s/franklin-7127-s-76th-st
5215 N Ironwood Rd,Glendale,WI,53217,https://www.anytimemailbox.com/s/glendale-5215-n-ironwood-road
6969 N Port Washington Rd,Glendale,WI,53217,https://www.anytimemailbox.com/s/glendale-6969-n-port-washington-road
361 Falls Rd,Grafton,WI,53024,https://www.anytimemailbox.com/s/grafton-361-falls-road
N168W20379 Main St,Jackson,WI,53037,https://www.anytimemailbox.com/s/jackson-n168-w20379-main-street
7619 Sheridan Rd,Kenosha,WI,53143,https://www.anytimemailbox.com/s/kenosha-7619-sheridan-road
939 South Park St,Madison,WI,53715,https://www.anytimemailbox.com/s/madison-939-south-park-street
345 W Washington Ave,Madison,WI,53703,https://www.anytimemailbox.com/s/madison-345-w-washington-ave
N92W17420 Appleton Ave,Menomonee Falls,WI,53051,https://www.anytimemailbox.com/s/menomonee-falls-n92-w17420-appleton-ave
3223 Parmenter St,Middleton,WI,53562,https://www.anytimemailbox.com/s/middleton-3223-parmenter-st
2001 N Dr Martin Luther King Jr Dr,Milwaukee,WI,53212,https://www.anytimemailbox.com/s/milwaukee-2001-n-dr-martin-luther-king-jr-dr
777 N Jefferson St,Milwaukee,WI,53202,https://www.anytimemailbox.com/s/milwaukee-777-n-jefferson-street
790 N Milwaukee St,Milwaukee,WI,53202,https://www.anytimemailbox.com/s/milwaukee-790-n-milwaukee-street
10400 W Silver Spring Dr,Milwaukee,WI,53225,https://www.anytimemailbox.com/s/milwaukee-10400-w-silver-spring-drive
5800 W Burleigh,Milwaukee,WI,53210,https://www.anytimemailbox.com/s/milwaukee-5800-w-burleigh
104 High St,Mineral Point,WI,53565,https://www.anytimemailbox.com/s/mineral-point-104-high-street
117 Watson St,Ripon,WI,54971,https://www.anytimemailbox.com/s/ripon-117-watson-street
2163 US Highway 8,St Croix Falls,WI,54024,https://www.anytimemailbox.com/s/st-croix-falls-2163-us-highway-8
200 E Verona Ave,Verona,WI,53593,https://www.anytimemailbox.com/s/verona-200-e-verona-avenue
11220 W Burleigh St,Wauwatosa,WI,53222,https://www.anytimemailbox.com/s/wauwatosa-11220-w-burleigh-street
